"Model.year","Make","Model","Vehicle.class","Motor..kW.","Transmission","Fuel.type","City..kWh.100.km.","Highway..kWh.100.km.","Combined..kWh.100.km.","City..Le.100.km.","Highway..Le.100.km.","Combined..Le.100.km.","Range..km.","CO2.emissions..g.km.","CO2.rating","Smog.rating","Recharge.time..h."
2018,"BMW","i3","Subcompact",125,"A1","B",16.2,19.7,17.8,1.8,2.2,2,183,0,"10","10",5
2018,"BMW","i3s","Subcompact",135,"A1","B",17.1,21.1,18.9,1.9,2.4,2.1,172,0,"10","10",5
2018,"Chevrolet","Bolt EV","Station wagon: Small",150,"A1","B",16.4,19,17.6,1.8,2.1,2,383,0,"10","10",9.3
2018,"Ford","Focus Electric","Compact",107,"A1","B",17.7,21.8,19.6,2,2.5,2.2,185,0,"10","10",5.5
2018,"Hyundai","IONIQ Electric","Mid-size",88,"A1","B",13.7,17.4,15.5,1.6,1.9,1.7,200,0,"10","10",4
2018,"Kia","Soul EV","Station wagon: Small",81,"A1","B",16.8,22.4,19.3,1.9,2.5,2.2,179,0,"10","10",5
2018,"Nissan","LEAF","Mid-size",110,"A1","B",16.9,21.1,18.8,1.9,2.4,2.1,242,0,"10","10",8
2018,"smart","fortwo electric drive cabriolet","Two-seater",60,"A1","B",18.7,23.1,20.7,2.1,2.6,2.3,92,0,"10","10",3
2018,"smart","fortwo electric drive coupe","Two-seater",60,"A1","B",16.9,22.3,19.3,1.9,2.5,2.2,93,0,"10","10",3
2018,"Tesla","Model 3 Mid Range","Mid-size",202,"A1","B",16.4,17.9,17.1,1.8,2,1.9,418,0,"10","10",10
2018,"Tesla","Model 3 Long Range","Mid-size",202,"A1","B",15.3,17,16.1,1.7,1.9,1.8,499,0,"10","10",10
2018,"Tesla","Model 3 Long Range AWD","Mid-size",335,"A1","B",17.4,18.7,18,2,2.1,2,499,0,"10","10",10
2018,"Tesla","Model 3 Long Range AWD Performance","Mid-size",358,"A1","B",17.4,18.7,18,2,2.1,2,499,0,"10","10",10
2018,"Tesla","Model S (75 kWh)","Full-size",285,"A1","B",21.5,21,21.3,2.4,2.4,2.4,401,0,"10","10",12
2018,"Tesla","Model S 75D","Full-size",386,"A1","B",20.6,19.9,20.3,2.3,2.2,2.3,417,0,"10","10",12
2018,"Tesla","Model S 100D","Full-size",386,"A1","B",20.7,20.5,20.6,2.3,2.3,2.3,539,0,"10","10",12
2018,"Tesla","Model S P100D","Full-size",568,"A1","B",22.6,20,21.5,2.5,2.3,2.4,507,0,"10","10",12
2018,"Tesla","Model X 75D","Sport utility vehicle: Standard",386,"A1","B",23,21.9,22.5,2.6,2.5,2.5,383,0,"10","10",12
2018,"Tesla","Model X 100D","Sport utility vehicle: Standard",386,"A1","B",24.3,23.7,24,2.7,2.7,2.7,475,0,"10","10",12
2018,"Tesla","Model X P100D","Sport utility vehicle: Standard",568,"A1","B",25.4,23.6,24.6,2.8,2.7,2.8,465,0,"10","10",12
2018,"Volkswagen","e-Golf","Compact",100,"A1","B",16.8,18.6,17.4,1.9,2.1,2,201,0,"10","10",5.3
2019,"Audi","e-tron 55 quattro","Sport utility vehicle: Standard",300,"A1","B",28,28.5,28.3,3.2,3.2,3.2,329,0,"10","10",10
2019,"BMW","i3 (120 Ah)","Subcompact",125,"A1","B",16.8,20.6,18.5,1.9,2.3,2.1,246,0,"10","10",7
2019,"BMW","i3s (120 Ah)","Subcompact",135,"A1","B",16.8,20.6,18.5,1.9,2.3,2.1,246,0,"10","10",7
2019,"Chevrolet","Bolt EV","Station wagon: Small",150,"A1","B",16.4,19,17.6,1.8,2.1,2,383,0,"10","10",9.3
2019,"Hyundai","IONIQ Electric","Mid-size",88,"A1","B",13.7,17.4,15.5,1.6,1.9,1.7,200,0,"10","10",4
2019,"Hyundai","Kona Electric","Sport utility vehicle: Small",150,"A1","B",16.2,19.3,17.4,1.8,2.2,2,415,0,"10","10",9
2019,"Jaguar","I-PACE","Sport utility vehicle: Small",294,"A1","B",26.2,29.1,27.5,2.9,3.3,3.1,377,0,"10","10",13
2019,"Kia","Niro EV","Station wagon: Small",150,"A1","B",17,20.6,18.6,1.9,2.3,2.1,385,0,"10","10",9.5
2019,"Kia","Soul EV","Station wagon: Small",81,"A1","B",16.8,22.4,19.3,1.9,2.5,2.2,179,0,"10","10",5
2019,"Nissan","LEAF (40 kWh)","Mid-size",110,"A1","B",16.8,21,18.7,1.9,2.4,2.1,243,0,"10","10",8
2019,"Nissan","LEAF S PLUS","Mid-size",160,"A1","B",17.8,21.5,19.5,2,2.4,2.2,363,0,"10","10",11
2019,"Nissan","LEAF SV/SL PLUS","Mid-size",160,"A1","B",18.3,22.1,20,2.1,2.5,2.2,349,0,"10","10",11
2019,"smart EQ","fortwo cabriolet","Two-seater",60,"A1","B",18.7,23.1,20.7,2.1,2.6,2.3,92,0,"10","10",3
2019,"smart EQ","fortwo coupe","Two-seater",60,"A1","B",16.9,22.3,19.3,1.9,2.5,2.2,93,0,"10","10",3
2019,"Tesla","Model 3 Standard Range","Mid-size",211,"A1","B",14.8,16.5,15.6,1.7,1.9,1.7,151,0,"10","10",3.7
2019,"Tesla","Model 3 Standard Range Plus","Mid-size",211,"A1","B",14.9,16.8,15.8,1.7,1.9,1.8,386,0,"10","10",8.5
2019,"Tesla","Model 3 Mid Range","Mid-size",211,"A1","B",16.4,17.9,17.1,1.8,2,1.9,425,0,"10","10",10
2019,"Tesla","Model 3 Long Range","Mid-size",211,"A1","B",15.3,17,16.1,1.7,1.9,1.8,499,0,"10","10",10
2019,"Tesla","Model 3 Long Range AWD","Mid-size",335,"A1","B",17.4,18.7,18,2,2.1,2,499,0,"10","10",10
2019,"Tesla","Model 3 Long Range AWD Performance","Mid-size",358,"A1","B",17.4,18.7,18,2,2.1,2,499,0,"10","10",10
2019,"Tesla","Model S 75D","Full-size",386,"A1","B",20.6,19.9,20.3,2.3,2.2,2.3,417,0,"10","10",12
2019,"Tesla","Model S 100D","Full-size",386,"A1","B",20.7,20.5,20.6,2.3,2.3,2.3,539,0,"10","10",12
2019,"Tesla","Model S P100D","Full-size",568,"A1","B",22.6,20,21.5,2.5,2.3,2.4,507,0,"10","10",12
2019,"Tesla","Model S Standard Range","Full-size",398,"A1","B",18.5,20,19.2,2.1,2.2,2.2,459,0,"10","10",9
2019,"Tesla","Model S Long Range","Full-size",398,"A1","B",18.2,19.5,18.8,2,2.2,2.1,595,0,"10","10",12
2019,"Tesla","Model S Performance (19"" Wheels)","Full-size",580,"A1","B",20.1,20.2,20.2,2.3,2.3,2.3,555,0,"10","10",12
2019,"Tesla","Model S Performance (21"" Wheels)","Full-size",580,"A1","B",21.3,21.9,21.6,2.4,2.5,2.4,523,0,"10","10",12
2019,"Tesla","Model X 75D","Sport utility vehicle: Standard",386,"A1","B",23,21.9,22.5,2.6,2.5,2.5,383,0,"10","10",12
2019,"Tesla","Model X 100D","Sport utility vehicle: Standard",386,"A1","B",24.3,23.7,24,2.7,2.7,2.7,475,0,"10","10",12
2019,"Tesla","Model X P100D","Sport utility vehicle: Standard",568,"A1","B",25.4,23.6,24.6,2.8,2.7,2.8,465,0,"10","10",12
2019,"Tesla","Model X Standard Range","Sport utility vehicle: Standard",398,"A1","B",20,21.5,20.7,2.2,2.4,2.3,410,0,"10","10",9
2019,"Tesla","Model X Long Range","Sport utility vehicle: Standard",398,"A1","B",21.2,22.5,21.8,2.4,2.5,2.4,523,0,"10","10",12
2019,"Tesla","Model X Performance (20"" Wheels)","Sport utility vehicle: Standard",580,"A1","B",23.2,23.5,23.3,2.6,2.6,2.6,491,0,"10","10",12
2019,"Tesla","Model X Performance (22"" Wheels)","Sport utility vehicle: Standard",580,"A1","B",26.2,27.1,26.6,2.9,3,3,435,0,"10","10",12
2019,"Volkswagen","e-Golf","Compact",100,"A1","B",16.8,18.6,17.4,1.9,2.1,2,201,0,"10","10",5.3
2020,"Audi","e-tron Sportback 55 quattro","Sport utility vehicle: Standard",300,"A1","B",27.6,26.9,27.3,3.1,3,3.1,351,0,"10","10",10
2020,"BMW","i3 (120 Ah)","Subcompact",125,"A1","B",16.8,20.6,18.5,1.9,2.3,2.1,246,0,"10","10",7
2020,"BMW","i3s (120 Ah)","Subcompact",135,"A1","B",16.8,20.6,18.5,1.9,2.3,2.1,246,0,"10","10",7
2020,"Chevrolet","Bolt EV","Station wagon: Small",150,"A1","B",16.5,19.5,17.8,1.9,2.2,2,417,0,"10","10",10
2020,"Hyundai","IONIQ Electric","Mid-size",100,"A1","B",14.5,17.4,15.8,1.6,1.9,1.8,274,0,"10","10",5.8
2020,"Hyundai","Kona Electric","Sport utility vehicle: Small",150,"A1","B",16.2,19.3,17.4,1.8,2.2,2,415,0,"10","10",9
2020,"Jaguar","I-PACE","Sport utility vehicle: Small",294,"A1","B",26.2,29.1,27.5,2.9,3.3,3.1,377,0,"10","10",13
2020,"Kia","Niro EV","Station wagon: Small",150,"A1","B",17,20.6,18.6,1.9,2.3,2.1,385,0,"10","10",9.5
2020,"Kia","Soul EV (120 Ah)","Station wagon: Small",150,"A1","B",15.5,20.5,18,1.8,2.3,2,248,0,"10","10",6
2020,"Kia","Soul EV (180 Ah)","Station wagon: Small",150,"A1","B",16.8,21.1,18.6,1.9,2.4,2.1,383,0,"10","10",9.5
2020,"MINI","Cooper SE 3 Door","Subcompact",135,"A1","B",18.2,20.9,19.4,2,2.3,2.2,177,0,"10","10",4
2020,"Nissan","LEAF (40 kWh)","Mid-size",110,"A1","B",17,21.2,18.9,1.9,2.4,2.1,240,0,"10","10",8
2020,"Nissan","LEAF S PLUS","Mid-size",160,"A1","B",17.8,21.5,19.5,2,2.4,2.2,363,0,"10","10",11
2020,"Nissan","LEAF SV/SL PLUS","Mid-size",160,"A1","B",18.3,22.1,20,2.1,2.5,2.2,349,0,"10","10",11
2020,"Porsche","Taycan 4S (Performance Battery Plus)","Compact",360,"A2","B",30.9,29.6,30.3,3.5,3.3,3.4,327,0,"10","10",10.5
2020,"Porsche","Taycan Turbo","Compact",460,"A2","B",30.9,29.5,30.2,3.5,3.3,3.4,323,0,"10","10",10
2020,"Porsche","Taycan Turbo S","Compact",460,"A2","B",31.3,30.7,31,3.5,3.4,3.5,309,0,"10","10",10.5
2020,"Tesla","Model 3 Standard Range","Mid-size",211,"A1","B",14.8,16.5,15.6,1.7,1.9,1.7,151,0,"10","10",3.7
2020,"Tesla","Model 3 Standard Range Plus","Mid-size",211,"A1","B",14.1,15.9,14.9,1.6,1.8,1.7,402,0,"10","10",8.5
2020,"Tesla","Model 3 Mid Range","Mid-size",211,"A1","B",16.4,17.9,17.1,1.8,2,1.9,425,0,"10","10",10
2020,"Tesla","Model 3 Long Range","Mid-size",211,"A1","B",15.3,17,16.1,1.7,1.9,1.8,531,0,"10","10",10
2020,"Tesla","Model 3 Long Range AWD","Mid-size",335,"A1","B",16.9,18,17.4,1.9,2,2,518,0,"10","10",10
2020,"Tesla","Model 3 Long Range AWD Performance (18"" Wheels)","Mid-size",358,"A1","B",16.9,18,17.4,1.9,2,2,518,0,"10","10",10
2020,"Tesla","Model 3 Long Range AWD Performance (19"" Wheels)","Mid-size",358,"A1","B",17.6,18.7,18.1,2,2.1,2,489,0,"10","10",10
2020,"Tesla","Model 3 Long Range AWD Performance (20"" Wheels)","Mid-size",358,"A1","B",17.8,19.6,18.6,2,2.2,2.1,481,0,"10","10",10
2020,"Tesla","Model S Standard Range","Full-size",398,"A1","B",18.5,20,19.2,2.1,2.2,2.2,462,0,"10","10",9
2020,"Tesla","Model S Long Range","Full-size",398,"A1","B",18.2,19.5,18.8,2,2.2,2.1,600,0,"10","10",12
2020,"Tesla","Model S Long Range Plus (pre-15/6/20)","Full-size",398,"A1","B",17.2,18.9,18,1.9,2.1,2,629,0,"10","10",12
2020,"Tesla","Model S Long Range Plus","Full-size",398,"A1","B",17.3,18.8,17.9,1.9,2.1,2,647,0,"10","10",12
2020,"Tesla","Model S Performance (19"" Wheels)","Full-size",580,"A1","B",20.1,20.2,20.2,2.3,2.3,2.3,560,0,"10","10",12
2020,"Tesla","Model S Performance (21"" Wheels)","Full-size",580,"A1","B",21.3,21.9,21.6,2.4,2.5,2.4,525,0,"10","10",12
2020,"Tesla","Model X Standard Range","Sport utility vehicle: Standard",398,"A1","B",20,21.5,20.7,2.2,2.4,2.3,415,0,"10","10",9
2020,"Tesla","Model X Long Range","Sport utility vehicle: Standard",398,"A1","B",21.2,22.5,21.8,2.4,2.5,2.4,528,0,"10","10",12
2020,"Tesla","Model X Long Range Plus","Sport utility vehicle: Standard",398,"A1","B",19.3,20.8,20,2.2,2.3,2.2,565,0,"10","10",12
2020,"Tesla","Model X Performance (20"" Wheels)","Sport utility vehicle: Standard",580,"A1","B",23.2,23.5,23.3,2.6,2.6,2.6,491,0,"10","10",12
2020,"Tesla","Model X Performance (22"" Wheels)","Sport utility vehicle: Standard",580,"A1","B",26.2,27.1,26.6,2.9,3,3,438,0,"10","10",12
2020,"Tesla","Model Y Long Range AWD","Sport utility vehicle: Small",358,"A1","B",16.5,18.3,17.3,1.9,2.1,1.9,509,0,"10","10",10
2020,"Tesla","Model Y Performance","Sport utility vehicle: Small",358,"A1","B",16.3,18.7,17.4,1.8,2.1,2,507,0,"10","10",10
2020,"Tesla","Model Y Performance (21"" Wheels)","Sport utility vehicle: Small",358,"A1","B",18.1,19.8,18.9,2,2.2,2.1,468,0,"10","10",10
2020,"Volkswagen","e-Golf","Compact",100,"A1","B",17.4,19.9,18.6,1.9,2.3,2.1,198,0,"10","10",5.3
2021,"Audi","e-tron 55 quattro","Sport utility vehicle: Standard",300,"A1","B",26.9,27,27,3,3,3,357,0,"10","10",10
2021,"Audi","e-tron Sportback 55 quattro","Sport utility vehicle: Standard",300,"A1","B",27.6,27,27.3,3.1,3,3.1,351,0,"10","10",10
2021,"BMW","i3 (120 Ah)","Subcompact",125,"A1","B",16.8,20.6,18.5,1.9,2.3,2.1,246,0,"10","10",7
2021,"BMW","i3s (120 Ah)","Subcompact",135,"A1","B",16.8,20.6,18.5,1.9,2.3,2.1,246,0,"10","10",7
2021,"Chevrolet","Bolt EV","Station wagon: Small",150,"A1","B",16.5,19.5,17.8,1.9,2.2,2,417,0,"10","10",10
2021,"Ford","Mustang Mach-E Standard Range","Station wagon: Small",198,"A1","B",19.9,22.4,21,2.2,2.5,2.4,370,0,"10","10",8.8
2021,"Ford","Mustang Mach-E Standard Range AWD","Station wagon: Small",198,"A1","B",21,24.5,22.6,2.4,2.7,2.5,340,0,"10","10",8.5
2021,"Ford","Mustang Mach-E Extended Range (19"" Wheels)","Station wagon: Small",216,"A1","B",20.2,23.2,21.5,2.3,2.6,2.4,483,0,"10","10",10.9
2021,"Ford","Mustang Mach-E Extended Range AWD","Station wagon: Small",258,"A1","B",21.8,25,23.2,2.4,2.8,2.6,435,0,"10","10",10.7
2021,"Ford","Mustang Mach-E California Route 1","Station wagon: Small",216,"A1","B",19.4,22.3,20.7,2.2,2.5,2.3,491,0,"10","10",11.4
2021,"Ford","Mustang Mach-E GT Performance Edition","Station wagon: Small",358,"A1","B",23.8,27.8,25.6,2.7,3.1,2.9,418,0,"10","10",10.1
2021,"Hyundai","IONIQ Electric","Mid-size",100,"A1","B",14.5,17.4,15.8,1.6,1.9,1.8,274,0,"10","10",5.8
2021,"Hyundai","Kona Electric","Sport utility vehicle: Small",150,"A1","B",16.2,19.3,17.4,1.8,2.2,2,415,0,"10","10",9
2021,"Kia","Niro EV","Station wagon: Small",150,"A1","B",17,20.6,18.6,1.9,2.3,2.1,385,0,"10","10",9.5
2021,"Kia","Soul EV (120 Ah)","Station wagon: Small",150,"A1","B",15.6,20.4,17.8,1.8,2.3,2,248,0,"10","10",6
2021,"Kia","Soul EV (180 Ah)","Station wagon: Small",150,"A1","B",16.9,21,18.7,1.9,2.4,2.1,383,0,"10","10",9.5
2021,"MINI","Cooper SE 3 Door","Subcompact",135,"A1","B",18.2,20.9,19.4,2,2.3,2.2,177,0,"10","10",4
2021,"Nissan","LEAF (40 kWh)","Mid-size",110,"A1","B",17,21.2,18.9,1.9,2.4,2.1,240,0,"10","10",8
2021,"Nissan","LEAF S PLUS","Mid-size",160,"A1","B",17.8,21.5,19.5,2,2.4,2.2,363,0,"10","10",11
2021,"Nissan","LEAF SV/SL PLUS","Mid-size",160,"A1","B",18.3,22.1,20,2.1,2.5,2.2,349,0,"10","10",11
2021,"Polestar","2","Mid-size",300,"A1","B",21.9,23.9,22.8,2.5,2.7,2.6,375,0,"10","10",8
2021,"Porsche","Taycan 4 Cross Turismo","Mid-size",280,"A2","B",27.5,27.2,27.4,3.1,3.1,3.1,346,0,"10","10",10.5
2021,"Porsche","Taycan 4S (Performance Battery)","Compact",320,"A2","B",26.6,26.1,26.4,3,2.9,3,320,0,"10","10",9.5
2021,"Porsche","Taycan 4S (Performance Battery Plus)","Compact",360,"A2","B",28,25.8,27.3,3.1,2.9,3,365,0,"10","10",10.5
2021,"Porsche","Taycan 4S Cross Turismo","Mid-size",360,"A2","B",28,28,28,3.1,3.1,3.1,346,0,"10","10",10.5
2021,"Porsche","Taycan Turbo","Compact",460,"A2","B",29.2,28,28.6,3.3,3.1,3.2,341,0,"10","10",10.5
2021,"Porsche","Taycan Turbo Cross Turismo","Mid-size",460,"A2","B",29.1,29.2,29.1,3.3,3.3,3.3,328,0,"10","10",10.5
2021,"Porsche","Taycan Turbo S","Compact",460,"A2","B",30.2,29.5,29.9,3.4,3.3,3.4,323,0,"10","10",10.5
2021,"Porsche","Taycan Turbo S Cross Turismo","Mid-size",460,"A2","B",28.5,28.7,28.6,3.2,3.2,3.2,325,0,"10","10",10.5
2021,"Tesla","Model 3 Standard Range","Mid-size",191,"A1","B",14.5,16,15.2,1.6,1.8,1.7,151,0,"10","10",3.7
2021,"Tesla","Model 3 Standard Range Plus","Mid-size",191,"A1","B",13.9,15.7,14.8,1.6,1.8,1.7,423,0,"10","10",8.5
2021,"Tesla","Model 3 Long Range AWD","Mid-size",293,"A1","B",14.9,16.5,15.6,1.7,1.9,1.8,568,0,"10","10",10
2021,"Tesla","Model 3 Performance","Mid-size",321,"A1","B",17.8,19.6,18.6,2,2.2,2.1,507,0,"10","10",10
2021,"Tesla","Model S Long Range","Full-size",494,"A1","B",16.9,18.3,17.5,1.9,2.1,2,652,0,"10","10",15
2021,"Tesla","Model S Long Range Plus","Full-size",398,"A1","B",18.1,19.3,18.6,2,2.2,2.1,629,0,"10","10",12
2021,"Tesla","Model S Performance (19"" Wheels)","Full-size",580,"A1","B",18.4,19.7,19,2.1,2.2,2.1,623,0,"10","10",12
2021,"Tesla","Model S Performance (21"" Wheels)","Full-size",580,"A1","B",21.3,22.6,21.9,2.4,2.5,2.5,538,0,"10","10",12
2021,"Tesla","Model S Plaid (19"" Wheels)","Full-size",750,"A1","B",17.6,18.7,18.1,2,2.1,2,637,0,"10","10",15
2021,"Tesla","Model S Plaid (21"" Wheels)","Full-size",750,"A1","B",20.4,21.2,20.8,2.3,2.4,2.3,560,0,"10","10",15
2021,"Tesla","Model X Long Range","Sport utility vehicle: Standard",494,"A1","B",19.7,21.7,20.6,2.2,2.4,2.3,560,0,"10","10",14
2021,"Tesla","Model X Long Range Plus","Sport utility vehicle: Standard",398,"A1","B",19.3,20.7,19.9,2.2,2.3,2.2,597,0,"10","10",12
2021,"Tesla","Model X Performance (20"" Wheels)","Sport utility vehicle: Standard",580,"A1","B",21,22.1,21.5,2.4,2.5,2.4,549,0,"10","10",12
2021,"Tesla","Model X Performance (22"" Wheels)","Sport utility vehicle: Standard",580,"A1","B",23.7,25.3,24.4,2.7,2.8,2.7,483,0,"10","10",12
2021,"Tesla","Model Y Standard Range","Sport utility vehicle: Small",211,"A1","B",15,17.6,16.2,1.7,2,1.8,393,0,"10","10",8
2021,"Tesla","Model Y Long Range AWD","Sport utility vehicle: Small",270,"A1","B",15.9,17.9,16.8,1.8,2,1.9,525,0,"10","10",10
2021,"Tesla","Model Y Performance","Sport utility vehicle: Small",312,"A1","B",18.2,19.8,18.9,2,2.2,2.1,488,0,"10","10",10
2021,"Volkswagen","ID.4 Pro","Sport utility vehicle: Small",150,"A1","B",20.2,23.4,21.7,2.3,2.6,2.4,400,0,"10","10",7.5
2021,"Volkswagen","ID.4 AWD Pro","Sport utility vehicle: Small",220,"A1","B",21.5,23.9,22.5,2.4,2.7,2.5,386,0,"10","10",7.5
2021,"Volvo","XC40 Recharge","Sport utility vehicle: Small",300,"A1","B",24.5,29.2,26.6,2.8,3.3,3,335,0,"10","10",8
2022,"Audi","e-tron 55 quattro","Sport utility vehicle: Standard",300,"A1","B",26.9,27,27,3,3,3,357,0,"10","10",10
2022,"Audi","e-tron Sportback 55 quattro","Sport utility vehicle: Standard",300,"A1","B",27.6,27,27.3,3.1,3,3.1,351,0,"10","10",10
2022,"Audi","e-tron S Sportback quattro (20"" Wheels)","Sport utility vehicle: Standard",370,"A1","B",28.6,27,27.9,3.2,3,3.1,341,0,"10","10",10
2022,"Audi","e-tron S Sportback quattro (21"" or 22"" Wheels)","Sport utility vehicle: Standard",370,"A1","B",32.9,31.7,32.4,3.7,3.6,3.6,298,0,"10","10",10
2022,"Audi","e-tron GT","Compact",390,"A2","B",25.9,25.3,25.6,2.9,2.8,2.9,383,0,"10","10",10.5
2022,"Audi","RS e-tron GT","Compact",475,"A2","B",26.4,25.5,26,3,2.9,2.9,373,0,"10","10",10.5
2022,"Audi","Q4 50 e-tron quattro","Sport utility vehicle: Small",220,"A1","B",21,23.6,22.1,2.4,2.6,2.5,388,0,"10","10",9
2022,"Audi","Q4 50 e-tron Sportback quattro","Sport utility vehicle: Small",220,"A1","B",21,23.6,22.1,2.4,2.6,2.5,388,0,"10","10",9
2022,"BMW","i4 eDrive40 (18"" Wheels)","Subcompact",250,"A1","B",19.1,19.3,19.2,2.1,2.2,2.2,484,0,"10","10",10
2022,"BMW","i4 eDrive40 (19"" Wheels)","Subcompact",250,"A1","B",20.9,21.3,21.1,2.4,2.4,2.4,454,0,"10","10",10
2022,"BMW","i4 M50 xDrive (19"" Wheels)","Subcompact",400,"A1","B",22.3,21.4,21.9,2.5,2.4,2.5,435,0,"10","10",10
2022,"BMW","i4 M50 xDrive (20"" Wheels)","Subcompact",400,"A1","B",26.4,26.1,26.3,3,2.9,3,365,0,"10","10",10
2022,"BMW","iX xDrive50 (20"" Wheels)","Sport utility vehicle: Standard",400,"A1","B",24.3,24.2,24.2,2.7,2.7,2.7,521,0,"10","10",12
2022,"BMW","iX xDrive50 (21"" Wheels)","Sport utility vehicle: Standard",400,"A1","B",25.4,25.1,25.3,2.9,2.8,2.8,491,0,"10","10",12
2022,"BMW","iX xDrive50 (22"" Wheels)","Sport utility vehicle: Standard",400,"A1","B",24.3,24.5,24.4,2.7,2.8,2.7,507,0,"10","10",12
2022,"Chevrolet","Bolt EUV","Station wagon: Small",150,"A1","B",16.8,20.1,18.3,1.9,2.3,2.1,397,0,"10","10",7.5
2022,"Chevrolet","Bolt EV","Station wagon: Small",150,"A1","B",16,19.2,17.5,1.8,2.2,2,417,0,"10","10",7.5
2022,"Ford","F-150 Lightning Standard Range","Pickup truck: Standard",318,"A1","B",27.5,34.5,30.6,3.1,3.9,3.4,370,0,"10","10",11.8
2022,"Ford","F-150 Lightning Extended Range","Pickup truck: Standard",420,"A1","B",26.9,33.3,29.8,3,3.7,3.3,515,0,"10","10",10.1
2022,"Ford","F-150 Lightning Platinum","Pickup truck: Standard",420,"A1","B",28.7,35,31.5,3.2,3.9,3.5,483,0,"10","10",9.3
2022,"Ford","Mustang Mach-E Standard Range","Sport utility vehicle: Small",198,"A1","B",19,21.9,20.3,2.1,2.5,2.3,397,0,"10","10",8.1
2022,"Ford","Mustang Mach-E Standard Range AWD","Sport utility vehicle: Small",198,"A1","B",21.1,24.3,22.6,2.4,2.7,2.5,360,0,"10","10",8
2022,"Ford","Mustang Mach-E Extended Range","Sport utility vehicle: Small",216,"A1","B",20.2,23.2,21.5,2.3,2.6,2.4,488,0,"10","10",10.9
2022,"Ford","Mustang Mach-E Extended Range AWD","Sport utility vehicle: Small",258,"A1","B",21.6,24.9,23.1,2.4,2.8,2.6,446,0,"10","10",10.7
2022,"Ford","Mustang Mach-E California Route 1","Sport utility vehicle: Small",216,"A1","B",19.4,22.3,20.7,2.2,2.5,2.3,505,0,"10","10",11.4
2022,"Ford","Mustang Mach-E California Route 1 AWD","Sport utility vehicle: Small",258,"A1","B",20,22.9,21.3,2.3,2.6,2.4,502,0,"10","10",10.1
2022,"Ford","Mustang Mach-E GT Performance Edition","Sport utility vehicle: Small",358,"A1","B",23.8,27.8,25.6,2.7,3.1,2.9,418,0,"10","10",10.1
2022,"Hyundai","IONIQ 5 Standard Range","Full-size",125,"A1","B",16.2,22.4,19.3,1.9,2.5,2.1,354,0,"10","10",6.3
2022,"Hyundai","IONIQ 5 Long Range","Full-size",168,"A1","B",15.5,21.7,18.6,1.8,2.4,2.1,488,0,"10","10",8.5
2022,"Hyundai","IONIQ 5 Long Range AWD","Full-size",239,"A1","B",19,24,21.3,2.1,2.7,2.4,414,0,"10","10",8.5
2022,"Hyundai","Kona Electric","Sport utility vehicle: Small",150,"A1","B",16.2,19.3,17.4,1.8,2.2,2,415,0,"10","10",9.5
2022,"Jaguar","I-PACE","Sport utility vehicle: Small",294,"A1","B",27,29.4,28.1,3,3.3,3.2,357,0,"10","10",13
2022,"Kia","EV6 Standard Range","Station wagon: Small",125,"A1","B",15.5,21.1,18,1.7,2.4,2,373,0,"10","10",6.3
2022,"Kia","EV6 Long Range","Station wagon: Small",168,"A1","B",15.5,20.5,18,1.8,2.3,2,499,0,"10","10",8.7
2022,"Kia","EV6 Long Range AWD","Station wagon: Small",239,"A1","B",18,22.4,19.9,2,2.5,2.2,441,0,"10","10",8.4
2022,"Kia","Niro EV","Station wagon: Small",150,"A1","B",17,20.6,18.6,1.9,2.3,2.1,385,0,"10","10",9.5
2022,"Kia","Soul EV (120 Ah)","Station wagon: Small",150,"A1","B",15.6,20.4,17.8,1.8,2.3,2,248,0,"10","10",6
2022,"Kia","Soul EV (180 Ah)","Station wagon: Small",150,"A1","B",16.9,21,18.7,1.9,2.4,2.1,383,0,"10","10",9.5
2022,"Lucid","Air Dream P AWD (19"" Wheels)","Full-size",829,"A1","B",18,18.3,18.1,2,2.1,2,758,0,"10","10",13
2022,"Lucid","Air Dream P AWD (21"" Wheels)","Full-size",829,"A1","B",19,18.8,18.9,2.1,2.1,2.1,726,0,"10","10",13
2022,"Lucid","Air Dream R AWD (19"" Wheels)","Full-size",696,"A1","B",16.7,16.7,16.7,1.9,1.9,1.9,837,0,"10","10",13
2022,"Lucid","Air Dream R AWD (21"" Wheels)","Full-size",696,"A1","B",18.2,18,18.1,2,2,2,774,0,"10","10",13
2022,"Lucid","Air Grand Touring AWD (19"" Wheels)","Full-size",611,"A1","B",16.1,15.8,16,1.8,1.8,1.8,830,0,"10","10",13
2022,"Lucid","Air Grand Touring AWD (21"" Wheels)","Full-size",611,"A1","B",17.4,17.1,17.3,2,1.9,1.9,755,0,"10","10",13
2022,"Mazda","MX-30","Mid-size",107,"A1","B",21.4,24.6,22.8,2.4,2.8,2.6,161,0,"10","10",5.3
2022,"Mercedes-Benz","EQB 350 4MATIC SUV","Sport utility vehicle: Small",215,"A1","B",21.1,22.4,21.7,2.4,2.5,2.5,365,0,"10","10",7.5
2022,"Mercedes-Benz","EQS 580 4MATIC Sedan","Full-size",385,"A1","B",23,21.1,22.4,2.6,2.4,2.5,547,0,"10","10",11.25
2022,"MINI","Cooper SE 3 Door","Subcompact",135,"A1","B",17.6,20.9,19.1,2,2.3,2.1,183,0,"10","10",4
2022,"Nissan","LEAF (40 kWh)","Mid-size",110,"A1","B",17,21.2,18.9,1.9,2.4,2.1,240,0,"10","10",8
2022,"Nissan","LEAF S PLUS","Mid-size",160,"A1","B",17.8,21.5,19.5,2,2.4,2.2,363,0,"10","10",11
2022,"Nissan","LEAF SV/SL PLUS","Mid-size",160,"A1","B",18.3,22.1,20,2.1,2.5,2.2,349,0,"10","10",11
2022,"Polestar","2 Single Motor","Mid-size",170,"A1","B",18.5,20.9,19.6,2.1,2.3,2.2,435,0,"10","10",8
2022,"Polestar","2 Dual Motor","Mid-size",300,"A1","B",22.4,24.9,23.5,2.5,2.8,2.6,401,0,"10","10",8
2022,"Porsche","Taycan 4 Cross Turismo","Mid-size",280,"A2","B",27.5,27.2,27.4,3.1,3.1,3.1,346,0,"10","10",10.5
2022,"Porsche","Taycan 4S (Performance Battery)","Compact",320,"A2","B",26.6,26.1,26.4,3,2.9,3,320,0,"10","10",9.5
2022,"Porsche","Taycan 4S (Performance Battery Plus)","Compact",360,"A2","B",28,25.8,27.3,3.1,2.9,3,365,0,"10","10",10.5
2022,"Porsche","Taycan 4S Cross Turismo","Mid-size",360,"A2","B",28,28,28,3.1,3.1,3.1,346,0,"10","10",10.5
2022,"Porsche","Taycan GTS","Compact",380,"A2","B",25.1,25.5,25.3,2.8,2.9,2.8,396,0,"10","10",10.5
2022,"Porsche","Taycan GTS Sport Turismo","Compact",380,"A2","B",26.1,26.2,26.2,2.9,2.9,2.9,375,0,"10","10",10.5
2022,"Porsche","Taycan Turbo","Compact",460,"A2","B",29.2,28,28.6,3.3,3.1,3.2,341,0,"10","10",10.5
2022,"Porsche","Taycan Turbo Cross Turismo","Mid-size",460,"A2","B",29.1,29.2,29.1,3.3,3.3,3.3,328,0,"10","10",10.5
2022,"Porsche","Taycan Turbo S","Compact",460,"A2","B",30.2,29.5,29.9,3.4,3.3,3.4,323,0,"10","10",10.5
2022,"Porsche","Taycan Turbo S Cross Turismo","Mid-size",460,"A2","B",28.5,28.7,28.6,3.2,3.2,3.2,325,0,"10","10",10.5
2022,"Rivian","R1S","Sport utility vehicle: Standard",650,"A1","B",28.7,32.1,30.2,3.2,3.6,3.4,509,0,"10","10",13
2022,"Rivian","R1T","Pickup truck: Standard",650,"A1","B",28.2,31.9,29.9,3.2,3.6,3.4,505,0,"10","10",13
2022,"Tesla","Model 3 Standard Range","Mid-size",191,"A1","B",17.8,19.5,18.6,2,2.2,2.1,146,0,"10","10",3.7
2022,"Tesla","Model 3 RWD","Mid-size",192,"A1","B",15.2,16.6,15.8,1.7,1.9,1.8,438,0,"10","10",8.5
2022,"Tesla","Model 3 Long Range AWD","Mid-size",293,"A1","B",15.6,16.6,16,1.8,1.9,1.8,576,0,"10","10",10
2022,"Tesla","Model 3 Performance","Mid-size",321,"A1","B",17.8,19.6,18.6,2,2.2,2.1,507,0,"10","10",10
2022,"Tesla","Model S","Full-size",494,"A1","B",16.9,18.3,17.5,1.9,2.1,2,652,0,"10","10",15
2022,"Tesla","Model S Plaid (19"" Wheels)","Full-size",750,"A1","B",17.6,18.7,18.1,2,2.1,2,637,0,"10","10",15
2022,"Tesla","Model S Plaid (21"" Wheels)","Full-size",750,"A1","B",20.4,21.2,20.8,2.3,2.4,2.3,560,0,"10","10",15
2022,"Tesla","Model X","Sport utility vehicle: Standard",494,"A1","B",19.7,21.7,20.6,2.2,2.4,2.3,560,0,"10","10",14
2022,"Tesla","Model X Plaid (20"" Wheels)","Sport utility vehicle: Standard",750,"A1","B",20.4,22.5,21.4,2.3,2.5,2.4,536,0,"10","10",14
2022,"Tesla","Model X Plaid (22"" Wheels)","Sport utility vehicle: Standard",750,"A1","B",22.3,23.8,22.9,2.5,2.7,2.6,500,0,"10","10",14
2022,"Tesla","Model Y AWD","Sport utility vehicle: Small",291,"A1","B",16.3,18.1,17.1,1.8,2,1.9,449,0,"10","10",9
2022,"Tesla","Model Y Long Range AWD","Sport utility vehicle: Small",291,"A1","B",16.5,17.9,17.2,1.9,2,1.9,531,0,"10","10",10
2022,"Tesla","Model Y Performance","Sport utility vehicle: Small",312,"A1","B",18.2,19.8,18.9,2,2.2,2.1,488,0,"10","10",10
2022,"Volkswagen","ID.4 Pro","Sport utility vehicle: Small",150,"A1","B",18.7,22,20.2,2.1,2.5,2.3,422,0,"10","10",7.5
2022,"Volkswagen","ID.4 AWD Pro","Sport utility vehicle: Small",220,"A1","B",21,23.2,22,2.4,2.6,2.5,394,0,"10","10",7.5
2022,"Volvo","C40 Recharge Twin","Sport utility vehicle: Small",300,"A1","B",22.2,26.1,23.9,2.5,2.9,2.7,364,0,"10","10",8
2022,"Volvo","XC40 Recharge Twin","Sport utility vehicle: Small",300,"A1","B",22.8,26.6,24.5,2.6,3,2.8,359,0,"10","10",8
