_id,Model year,Make,Model,Vehicle class,Motor (kW),Engine size (L),Cylinders,Transmission,Fuel type 1,Combined Le/100 km,Range 1 (km),Recharge time (h),Fuel type 2,City (L/100 km),Highway (L/100 km),Combined (L/100 km),Range 2 (km),CO2 emissions (g/km),CO2 rating,Smog rating,Combined kWh/100 km,Combined L/100 km
278,2024,Lamborghini,Revuelto,Two-seater,110,6.5,12,AM8,E/PG,10.4,8,2.0,Z,24.5,14.2,19.9,365,472,1.0,3.0,49.7,6.1
207,2022,Toyota,Prius Prime,Mid-size,71,1.8,4,AV,E/G*,1.8,40,2.0,X,4.3,4.4,4.3,995,49,10.0,7.0,15.8,0.0
171,2021,Toyota,Prius Prime,Mid-size,71,1.8,4,AV,E/G*,1.8,40,2.0,X,4.3,4.4,4.3,995,49,10.0,7.0,15.8,0.0
54,2017,Toyota,Prius Prime,Mid-size,71,1.8,4,AV,E/G*,1.8,40,2.0,X,4.3,4.4,4.3,995,49,10.0,8.0,15.8,0.0
77,2018,Toyota,Prius Prime,Mid-size,71,1.8,4,AV,E/G*,1.8,40,2.0,X,4.3,4.4,4.3,995,49,10.0,7.0,15.8,0.0
132,2020,Toyota,Prius Prime,Mid-size,71,1.8,4,AV,E/G*,1.8,40,2.0,X,4.3,4.4,4.3,995,49,10.0,7.0,15.8,0.0
103,2019,Toyota,Prius Prime,Mid-size,71,1.8,4,AV,E/G*,1.8,40,2.0,X,4.3,4.4,4.3,995,49,10.0,7.0,15.8,0.0
244,2023,Toyota,Prius Prime SE,Mid-size,120,2.0,4,AV,E/G*,1.8,72,4.0,X,4.4,4.6,4.5,890,31,10.0,7.0,16.4,0.0
286,2024,Toyota,Prius Prime SE,Mid-size,120,2.0,4,AV,E/G*,1.8,72,4.0,X,4.4,4.6,4.5,890,31,10.0,7.0,16.4,0.0
189,2022,Hyundai,IONIQ Plug-in Hybrid,Mid-size,45,1.6,4,AM6,E/G*,2.0,47,2.3,X,4.5,4.6,4.5,954,46,10.0,7.0,17.4,0.0
154,2021,Hyundai,IONIQ Plug-in Hybrid,Mid-size,45,1.6,4,AM6,E/G*,2.0,47,2.3,X,4.5,4.6,4.5,954,46,10.0,7.0,17.4,0.0
92,2019,Hyundai,IONIQ Electric Plus,Mid-size,45,1.6,4,AM6,E/G*,2.0,47,2.3,X,4.4,4.6,4.5,961,46,10.0,7.0,17.7,0.0
69,2018,Hyundai,IONIQ Electric Plus,Mid-size,45,1.6,4,AM6,E/G*,2.0,47,2.3,X,4.4,4.6,4.5,961,46,10.0,7.0,17.7,0.0
121,2020,Hyundai,IONIQ Electric Plus,Mid-size,45,1.6,4,AM6,E/G*,2.0,47,2.3,X,4.4,4.6,4.5,961,46,10.0,7.0,17.7,0.0
24,2016,BMW,i3 REx,Subcompact,125,0.6,2,A1,E,2.0,116,4.0,Z,5.7,6.3,6.0,119,22,10.0,10.0,17.9,
12,2015,BMW,i3 REx,Subcompact,125,0.6,2,A1,E,2.0,116,4.0,Z,5.7,6.3,6.0,119,22,,10.0,17.9,
245,2023,Toyota,Prius Prime XSE,Mid-size,120,2.0,4,AV,E/G*,2.1,64,4.0,X,4.7,5.0,4.9,826,37,10.0,7.0,18.3,0.0
287,2024,Toyota,Prius Prime XSE,Mid-size,120,2.0,4,AV,E/G*,2.1,64,4.0,X,4.7,5.0,4.9,826,37,10.0,7.0,18.3,0.0
40,2017,BMW,i3 REx (94 Ah),Subcompact,125,0.6,2,A1,E,2.1,156,5.0,Z,6.5,7.0,6.7,129,18,10.0,8.0,18.9,
120,2020,Honda,Clarity Plug-in Hybrid,Mid-size,135,1.5,4,AV,E/G*,2.1,77,2.5,X,5.3,5.9,5.6,475,36,10.0,8.0,19.0,0.0
68,2018,Honda,Clarity Plug-in Hybrid,Mid-size,135,1.5,4,AV,E/G*,2.1,77,2.5,X,5.3,5.9,5.6,475,36,10.0,8.0,19.0,0.0
91,2019,Honda,Clarity Plug-in Hybrid,Mid-size,135,1.5,4,AV,E/G*,2.1,77,2.5,X,5.3,5.9,5.6,475,36,10.0,8.0,19.0,0.0
153,2021,Honda,Clarity Plug-in Hybrid,Mid-size,135,1.5,4,AV,E/G*,2.1,77,2.5,X,5.3,5.9,5.6,475,36,10.0,8.0,19.0,0.0
275,2024,Kia,Niro Plug-in Hybrid,Sport utility vehicle: Small,62,1.6,4,AM6,E/G*,2.1,55,2.8,X,4.6,4.9,4.8,781,42,10.0,7.0,19.1,0.0
234,2023,Kia,Niro Plug-in Hybrid,Station wagon: Small,62,1.6,4,AM6,E/G*,2.1,55,2.8,X,4.6,4.9,4.8,781,42,10.0,7.0,19.2,0.0
62,2018,BMW,i3s REx,Subcompact,135,0.6,2,A1,E,2.2,156,5.0,Z,6.6,7.1,6.8,129,18,10.0,7.0,19.1,
61,2018,BMW,i3 REx,Subcompact,125,0.6,2,A1,E,2.2,156,5.0,Z,6.6,7.1,6.8,129,18,10.0,7.0,19.1,
88,2019,Chevrolet,Volt,Compact,111,1.5,4,AV,E,2.2,85,4.5,X,5.5,5.6,5.6,591,32,10.0,7.0,19.5,
122,2020,Kia,Niro Plug-in Hybrid,Station wagon: Small,45,1.6,4,AM6,E/G*,2.2,42,2.25,X,4.9,5.3,5.1,853,56,10.0,7.0,19.7,0.0
160,2021,Kia,Niro Plug-in Hybrid,Station wagon: Small,45,1.6,4,AM6,E/G*,2.2,42,2.25,X,4.9,5.3,5.1,853,56,10.0,7.0,19.7,0.0
95,2019,Kia,Niro Plug-in Hybrid,Station wagon: Small,45,1.6,4,AM6,E/G*,2.2,42,2.25,X,4.9,5.3,5.1,853,56,10.0,7.0,19.7,0.0
194,2022,Kia,Niro Plug-in Hybrid,Station wagon: Small,45,1.6,4,AM6,E/G*,2.2,42,2.25,X,4.9,5.3,5.1,853,56,10.0,7.0,19.7,0.0
65,2018,Chevrolet,Volt,Compact,111,1.5,4,AV,E,2.2,85,4.5,X,5.5,5.6,5.6,591,32,10.0,3.0,19.9,
29,2016,Chevrolet,Volt,Compact,111,1.5,4,AV,E,2.2,85,4.5,X,5.5,5.6,5.6,591,32,10.0,10.0,19.9,
44,2017,Chevrolet,Volt,Compact,111,1.5,4,AV,E,2.2,85,4.5,X,5.5,5.6,5.6,591,32,10.0,6.0,19.9,
152,2021,Ford,Escape Plug-in Hybrid,Sport utility vehicle: Small,62,2.5,4,AV,E/G*,2.2,60,3.3,X,5.5,6.2,5.8,784,48,10.0,7.0,20.2,0.0
188,2022,Ford,Escape Plug-in Hybrid,Sport utility vehicle: Small,62,2.5,4,AV,E/G*,2.2,60,3.3,X,5.5,6.2,5.8,784,48,10.0,7.0,20.2,0.0
50,2017,Kia,Optima Plug-in Hybrid,Mid-size,50,2.0,4,AM6,E/G*,2.3,47,2.7,X,6.2,5.5,5.9,935,60,10.0,8.0,20.3,0.0
71,2018,Kia,Optima Plug-in Hybrid,Mid-size,50,2.0,4,AM6,E/G*,2.3,47,2.7,X,6.2,5.5,5.9,935,60,10.0,7.0,20.3,0.0
96,2019,Kia,Optima Plug-in Hybrid,Mid-size,50,2.0,4,AM6,E/G*,2.3,47,2.7,X,6.2,5.5,5.9,937,60,10.0,7.0,20.3,0.0
119,2020,Ford,Fusion Energi,Mid-size,35,2.0,4,AV,E/G*,2.3,42,2.6,X,5.5,5.8,5.6,940,61,10.0,7.0,20.5,0.0
90,2019,Ford,Fusion Energi,Mid-size,35,2.0,4,AV,E/G*,2.3,42,2.6,X,5.5,5.8,5.6,940,61,10.0,7.0,20.5,0.0
118,2020,Ford,Escape Plug-in Hybrid,Sport utility vehicle: Small,62,2.5,4,AV,E/G*,2.3,60,3.3,X,5.4,6.2,5.8,790,48,10.0,7.0,20.5,0.0
271,2024,Ford,Escape Plug-in Hybrid,Sport utility vehicle: Small,62,2.5,4,AV,E/G*,2.3,60,3.4,X,5.6,6.3,5.9,771,49,10.0,8.0,20.6,0.0
229,2023,Ford,Escape Plug-in Hybrid,Sport utility vehicle: Small,62,2.5,4,AV,E/G*,2.3,60,3.4,X,5.6,6.3,5.9,771,49,10.0,8.0,20.6,0.0
123,2020,Kia,Optima Plug-in Hybrid,Mid-size,50,2.0,4,AM6,E/G*,2.3,45,2.7,X,6.0,5.3,5.7,962,60,10.0,7.0,20.7,0.0
147,2021,BMW,i3 REx (120 Ah),Subcompact,125,0.6,2,A1,E,2.4,203,7.0,Z,7.8,7.5,7.7,116,14,10.0,7.0,19.9,
113,2020,BMW,i3s REx (120 Ah),Subcompact,135,0.6,2,A1,E,2.4,203,7.0,Z,7.8,7.5,7.7,116,14,10.0,7.0,19.9,
112,2020,BMW,i3 REx (120 Ah),Subcompact,125,0.6,2,A1,E,2.4,203,7.0,Z,7.8,7.5,7.7,116,14,10.0,7.0,19.9,
148,2021,BMW,i3s REx (120 Ah),Subcompact,135,0.6,2,A1,E,2.4,203,7.0,Z,7.8,7.5,7.7,116,14,10.0,7.0,19.9,
85,2019,BMW,i3s REx (120 Ah),Subcompact,135,0.6,2,A1,E,2.4,203,7.0,Z,7.8,7.5,7.7,116,14,10.0,7.0,19.9,
84,2019,BMW,i3 REx (120 Ah),Subcompact,125,0.6,2,A1,E,2.4,203,7.0,Z,7.8,7.5,7.7,116,14,10.0,7.0,19.9,
93,2019,Hyundai,Sonata Plug-in Hybrid,Mid-size,50,2.0,4,AM6,E/G*,2.4,45,2.7,X,6.3,5.6,6.0,925,62,10.0,7.0,20.9,0.0
48,2017,Hyundai,Sonata Plug-in Hybrid,Mid-size,50,2.0,4,AM6,E/G*,2.4,43,2.7,X,6.2,5.9,6.1,901,65,10.0,8.0,21.1,0.0
32,2016,Hyundai,Sonata Plug-in Hybrid,Mid-size,50,2.0,4,AM6,E/G*,2.4,43,2.7,X,6.1,5.7,5.9,925,63,10.0,10.0,21.1,0.0
7,2014,Chevrolet,Volt,Compact,111,1.4,4,AV,E,2.4,61,4.0,Z,6.7,5.9,6.4,550,45,,10.0,21.4,
2,2013,Chevrolet,Volt,Compact,111,1.4,4,AV,E,2.4,61,4.0,Z,6.7,5.9,6.4,550,45,,10.0,21.4,
14,2015,Chevrolet,Volt,Compact,111,1.4,4,AV,E,2.4,61,4.0,Z,6.7,5.9,6.4,547,50,,10.0,21.4,
47,2017,Ford,Fusion Energi,Mid-size,35,2.0,4,AV,E/G*,2.4,35,2.5,X,5.5,5.7,5.6,947,70,10.0,8.0,21.5,0.0
67,2018,Ford,Fusion Energi,Mid-size,35,2.0,4,AV,E/G*,2.4,35,2.5,X,5.5,5.7,5.6,947,70,10.0,7.0,21.5,0.0
5,2013,Toyota,Prius Plug-in Hybrid,Mid-size,60,1.8,4,AV,E/G,2.5,18,1.5,X,4.7,4.8,4.7,845,101,,10.0,18.0,0.4
20,2015,Toyota,Prius Plug-in Hybrid,Mid-size,60,1.8,4,AV,E/G,2.5,18,1.5,X,4.7,4.8,4.7,845,101,,10.0,18.0,0.4
11,2014,Toyota,Prius Plug-in Hybrid,Mid-size,60,1.8,4,AV,E/G,2.5,18,1.5,X,4.7,4.8,4.7,845,101,,10.0,18.0,0.4
46,2017,Ford,C-MAX Energi,Mid-size,35,2.0,4,AV,E/G*,2.5,33,2.5,X,5.8,6.2,6.0,884,76,10.0,8.0,22.0,0.0
172,2021,Toyota,RAV4 Prime,Sport utility vehicle: Small,134,2.5,4,AV,E/G*,2.5,68,4.5,X,5.7,6.4,6.0,911,44,10.0,7.0,22.3,0.0
208,2022,Toyota,RAV4 Prime,Sport utility vehicle: Small,134,2.5,4,AV,E/G*,2.5,68,4.5,X,5.7,6.4,6.0,911,44,10.0,7.0,22.3,0.0
246,2023,Toyota,RAV4 Prime,Sport utility vehicle: Small,134,2.5,4,AV,E/G*,2.5,68,4.5,X,5.7,6.4,6.0,911,44,10.0,7.0,22.3,0.0
288,2024,Toyota,RAV4 Prime,Sport utility vehicle: Small,134,2.5,4,AV,E/G*,2.5,68,4.5,X,5.7,6.4,6.0,911,44,10.0,7.0,22.3,0.0
1,2012,Chevrolet,Volt,Compact,111,1.4,4,AV,E,2.5,56,4.0,Z,6.7,5.9,6.4,550,54,,10.0,22.3,
243,2023,Subaru,Crosstrek Hybrid AWD,Sport utility vehicle: Small,100,2.0,4,AV,E/G*,2.6,27,2.0,X,6.6,6.8,6.7,747,94,9.0,6.0,23.5,0.0
131,2020,Subaru,Crosstrek Hybrid AWD,Sport utility vehicle: Small,100,2.0,4,AV,E/G*,2.6,27,2.0,X,6.6,6.8,6.7,747,94,10.0,6.0,23.5,0.0
170,2021,Subaru,Crosstrek Hybrid AWD,Sport utility vehicle: Small,100,2.0,4,AV,E/G*,2.6,27,2.0,X,6.6,6.8,6.7,747,94,10.0,6.0,23.5,0.0
206,2022,Subaru,Crosstrek Hybrid AWD,Sport utility vehicle: Small,100,2.0,4,AV,E/G*,2.6,27,2.0,X,6.6,6.8,6.7,747,94,10.0,6.0,23.5,0.0
30,2016,Ford,C-MAX Energi,Mid-size,35,2.0,4,AV,E/G,2.7,32,2.5,X,5.8,6.5,6.1,856,80,10.0,10.0,23.2,0.1
31,2016,Ford,Fusion Energi,Mid-size,35,2.0,4,AV,E/G,2.7,32,2.5,X,5.8,6.5,6.1,856,80,10.0,10.0,23.2,0.1
16,2015,Ford,Fusion Energi,Mid-size,35,2.0,4,AV,E/G,2.7,32,2.5,X,5.8,6.5,6.1,856,80,,10.0,23.2,0.1
15,2015,Ford,C-MAX Energi,Mid-size,35,2.0,4,AV,E/G,2.7,32,2.5,X,5.8,6.5,6.1,856,80,,10.0,23.2,0.1
3,2013,Ford,C-MAX Energi,Mid-size,35,2.0,4,AV,E/G,2.7,32,2.5,X,5.8,6.5,6.1,856,80,,10.0,23.2,0.1
9,2014,Ford,Fusion Energi,Mid-size,35,2.0,4,AV,E/G,2.7,32,2.5,X,5.8,6.5,6.1,856,80,,10.0,23.2,0.1
8,2014,Ford,C-MAX Energi,Mid-size,35,2.0,4,AV,E/G,2.7,32,2.5,X,5.8,6.5,6.1,856,80,,10.0,23.2,0.1
4,2013,Ford,Fusion Energi,Mid-size,35,2.0,4,AV,E/G,2.7,32,2.5,X,5.8,6.5,6.1,856,80,,10.0,23.2,0.1
22,2016,Audi,A3 e-tron ultra,Compact,80,1.4,4,A6,E/PG*,2.7,27,2.5,Z,6.4,5.7,6.1,663,85,10.0,10.0,23.9,0.0
27,2016,Cadillac,ELR,Subcompact,174,1.4,4,AV,E,2.7,64,5.0,Z,7.6,7.1,7.4,480,57,10.0,10.0,24.4,
237,2023,Lexus,NX 450h+ AWD,Sport utility vehicle: Small,134,2.5,4,AV6,E/PG*,2.8,61,4.5,Z,6.2,7.0,6.6,835,54,10.0,7.0,24.7,0.0
196,2022,Lexus,NX 450h+ AWD,Sport utility vehicle: Small,134,2.5,4,AV6,E/PG*,2.8,61,4.5,Z,6.2,7.0,6.6,835,54,10.0,7.0,24.7,0.0
279,2024,Lexus,NX 450h+ AWD,Sport utility vehicle: Small,134,2.5,4,AV6,E/PG*,2.8,61,4.5,Z,6.2,7.0,6.6,835,54,10.0,7.0,24.7,0.0
45,2017,Chrysler,Pacifica Hybrid,Minivan,89,3.6,6,AV,E/G*,2.8,53,2.0,X,7.3,7.2,7.3,858,66,10.0,8.0,24.9,0.0
236,2023,Kia,Sportage Plug-in Hybrid,Sport utility vehicle: Small,67,1.6,4,AM6,E/G*,2.8,55,2.0,X,6.6,6.7,6.7,632,60,10.0,7.0,24.9,0.0
277,2024,Kia,Sportage Plug-in Hybrid,Sport utility vehicle: Small,67,1.6,4,AM6,E/G*,2.8,55,2.0,X,6.6,6.7,6.7,632,60,10.0,7.0,24.9,0.0
66,2018,Chrysler,Pacifica Hybrid,Minivan,89,3.6,6,AV,E/G*,2.8,53,2.0,X,7.3,7.2,7.3,858,66,10.0,7.0,24.9,0.0
280,2024,Lexus,RX 450h+ AWD,Sport utility vehicle: Standard,134,2.5,4,AV6,E/PG*,2.8,60,2.5,Z,6.4,7.1,6.7,818,55,10.0,7.0,25.0,0.0
21,2016,Audi,A3 e-tron,Compact,80,1.4,4,A6,E/PG*,2.8,26,2.5,Z,7.1,6.4,6.8,591,98,10.0,10.0,25.2,0.0
56,2018,Audi,A3 e-tron,Compact,80,1.4,4,AM6,E/PG*,2.8,26,2.0,Z,6.8,6.0,6.5,623,93,10.0,7.0,25.2,0.0
37,2017,Audi,A3 e-tron,Compact,80,1.4,4,A6,E/PG*,2.8,26,2.5,Z,7.2,6.6,6.9,579,98,10.0,8.0,25.5,0.0
6,2014,Cadillac,ELR,Compact,117,1.4,4,AV,E,2.9,59,5.0,Z,7.6,6.7,7.2,493,50,,10.0,25.3,
228,2023,Chrysler,Pacifica Hybrid,Minivan,89,3.6,6,AV,E/G*,2.9,51,2.0,X,8.0,7.9,8.0,784,74,10.0,7.0,25.8,0.0
151,2021,Chrysler,Pacifica Hybrid,Minivan,89,3.6,6,AV,E/G*,2.9,51,2.0,X,8.0,7.9,8.0,784,74,10.0,7.0,25.8,0.0
89,2019,Chrysler,Pacifica Hybrid,Minivan,89,3.6,6,AV,E/G*,2.9,51,2.0,X,8.0,7.9,8.0,784,74,10.0,7.0,25.8,0.0
117,2020,Chrysler,Pacifica Hybrid,Minivan,89,3.6,6,AV,E/G*,2.9,51,2.0,X,8.0,7.9,8.0,784,74,10.0,7.0,25.8,0.0
187,2022,Chrysler,Pacifica Hybrid,Minivan,89,3.6,6,AV,E/G*,2.9,51,2.0,X,8.0,7.9,8.0,784,74,10.0,7.0,25.8,0.0
263,2024,Chrysler,Pacifica Hybrid,Minivan,89,3.6,6,AV,E/G*,2.9,51,2.0,X,8.0,7.9,8.0,784,74,9.0,7.0,25.8,0.0
191,2022,Hyundai,Tucson Plug-in Hybrid,Sport utility vehicle: Small,67,1.6,4,AM6,E/G*,2.9,53,1.7,X,6.8,6.6,6.7,626,62,10.0,7.0,25.9,0.0
231,2023,Hyundai,Tucson Plug-in Hybrid,Sport utility vehicle: Small,67,1.6,4,AM6,E/G*,2.9,53,1.7,X,6.8,6.6,6.7,626,62,10.0,7.0,25.9,0.0
272,2024,Hyundai,Tucson Plug-in Hybrid,Sport utility vehicle: Small,67,1.6,4,AM6,E/G*,2.9,53,1.7,X,6.8,6.6,6.7,626,62,9.0,7.0,25.9,0.0
28,2016,Cadillac,ELR (Performance Pkg),Subcompact,174,1.4,4,AV,E,2.9,58,5.0,Z,8.4,7.1,7.8,457,65,10.0,10.0,26.2,
281,2024,Lincoln,Corsair Grand Touring,Sport utility vehicle: Small,62,2.5,4,AV,E/G*,3.0,45,3.4,X,6.9,7.3,7.1,642,74,9.0,8.0,26.4,0.0
235,2023,Kia,Sorento Plug-in Hybrid,Sport utility vehicle: Small,67,1.6,4,AM6,E/G*,3.0,51,3.4,X,6.7,7.1,6.9,681,65,10.0,7.0,26.4,0.0
276,2024,Kia,Sorento Plug-in Hybrid,Sport utility vehicle: Small,67,1.6,4,AM6,E/G*,3.0,51,3.4,X,6.7,7.1,6.9,681,65,9.0,7.0,26.4,0.0
195,2022,Kia,Sorento Plug-in Hybrid,Sport utility vehicle: Small,67,1.6,4,AM6,E/G*,3.0,51,3.4,X,6.7,7.1,6.9,681,65,10.0,7.0,26.4,0.0
162,2021,Lincoln,Corsair Grand Touring,Sport utility vehicle: Small,62,2.5,4,AV,E/G*,3.0,45,3.4,X,6.9,7.3,7.1,644,73,10.0,7.0,26.9,0.0
214,2022,Volvo,V60 T8 AWD Recharge Extended Range,Station wagon: Small,107,2.0,4,AS8,E/PG*,3.0,64,5.0,Z,8.0,7.2,7.6,792,58,10.0,7.0,27.2,0.0
289,2024,Volvo,S60 T8 AWD Recharge,Compact,107,2.0,4,AS8,E/PG*,3.0,64,5.0,Z,8.0,7.2,7.6,792,58,10.0,7.0,27.2,0.0
210,2022,Volvo,S60 T8 AWD Recharge Extended Range,Compact,107,2.0,4,AS8,E/PG*,3.0,64,5.0,Z,8.0,7.2,7.6,792,58,10.0,7.0,27.2,0.0
291,2024,Volvo,V60 T8 AWD Recharge,Station wagon: Small,107,2.0,4,AS8,E/PG*,3.0,64,5.0,Z,8.0,7.2,7.6,792,58,10.0,7.0,27.2,0.0
247,2023,Volvo,S60 T8 AWD Recharge,Compact,107,2.0,4,AS8,E/PG*,3.0,64,5.0,Z,8.0,7.2,7.6,792,58,10.0,7.0,27.2,0.0
249,2023,Volvo,V60 T8 AWD Recharge,Station wagon: Small,107,2.0,4,AS8,E/PG*,3.0,64,5.0,Z,8.0,7.2,7.6,792,58,10.0,7.0,27.2,0.0
41,2017,BMW,i8,Subcompact,96,1.5,3,A6,E/PG,3.1,24,2.0,Z,8.4,8.1,8.3,509,123,10.0,6.0,26.9,0.2
13,2015,BMW,i8,Subcompact,96,1.5,3,A6,E/PG,3.1,24,2.0,Z,8.4,8.1,8.3,509,123,,10.0,26.9,0.2
25,2016,BMW,i8,Subcompact,96,1.5,3,A6,E/PG,3.1,24,2.0,Z,8.4,8.1,8.3,509,123,9.0,10.0,26.9,0.2
264,2024,Dodge,Hornet R/T PHEV,Sport utility vehicle: Small,89,1.3,4,A6,E/G*,3.1,53,4.0,X,8.1,8.1,8.1,520,75,9.0,6.0,27.2,0.0
252,2024,Alfa Romeo,Tonale PHEV,Sport utility vehicle: Small,89,1.3,4,A6,E/G*,3.1,53,4.0,X,8.1,8.1,8.1,520,75,9.0,6.0,27.2,0.0
198,2022,Lincoln,Corsair Grand Touring,Sport utility vehicle: Small,62,2.5,4,AV,E/G*,3.1,45,3.4,X,6.9,7.3,7.0,645,74,10.0,7.0,27.3,0.0
190,2022,Hyundai,Santa Fe Plug-in Hybrid,Sport utility vehicle: Small,67,1.6,4,AM6,E/G*,3.1,50,3.4,X,7.1,7.3,7.2,655,69,10.0,7.0,27.5,0.0
230,2023,Hyundai,Santa Fe Plug-in Hybrid,Sport utility vehicle: Small,67,1.6,4,AM6,E/G*,3.1,50,3.4,X,7.1,7.3,7.2,655,69,10.0,7.0,27.5,0.0
239,2023,Lincoln,Corsair Grand Touring,Sport utility vehicle: Small,62,2.5,4,AV,E/G*,3.1,43,3.2,X,6.9,7.4,7.1,639,76,10.0,8.0,27.5,0.0
142,2021,BMW,330e,Compact,83,2.0,4,AS8,E/PG*,3.1,37,3.0,Z,9.4,7.2,8.4,486,100,10.0,3.0,27.8,0.0
181,2022,BMW,330e Sedan,Compact,83,2.0,4,AS8,E/PG*,3.1,37,3.0,Z,9.4,7.2,8.4,486,100,9.0,7.0,27.8,0.0
104,2019,Volvo,S90 T8 AWD,Mid-size,65,2.0,4,AS8,E/PG*,3.2,34,3.0,Z,8.9,7.1,8.1,753,100,10.0,7.0,27.7,0.0
99,2019,Mitsubishi,Outlander PHEV AWD,Sport utility vehicle: Small,60,2.0,4,A1,E/G*,3.2,35,3.5,X,9.4,9.0,9.2,463,108,10.0,7.0,27.7,0.0
128,2020,Mitsubishi,Outlander PHEV AWD,Sport utility vehicle: Small,60,2.0,4,A1,E/G*,3.2,35,3.5,X,9.4,9.0,9.2,463,108,10.0,7.0,27.7,0.0
75,2018,Mitsubishi,Outlander PHEV AWD,Sport utility vehicle: Small,60,2.0,4,A1,E/G*,3.2,35,3.5,X,9.4,9.0,9.2,463,108,10.0,7.0,27.7,0.0
78,2018,Volvo,S90 T8 AWD,Mid-size,65,2.0,4,AS8,E/PG*,3.2,34,3.0,Z,8.9,7.1,8.1,621,100,10.0,7.0,27.7,0.0
256,2024,BMW,330e Sedan,Compact,80,2.0,4,AS8,E/PG*,3.2,35,3.0,Z,9.9,7.4,8.8,468,98,8.0,7.0,28.2,0.0
164,2021,Mitsubishi,Outlander PHEV AWD,Sport utility vehicle: Small,70,2.4,4,A1,E/G*,3.2,39,4.0,X,9.2,9.0,9.1,470,103,10.0,7.0,28.2,0.0
222,2023,BMW,330e Sedan,Compact,80,2.0,4,AS8,E/PG*,3.2,35,3.0,Z,9.9,7.4,8.8,468,98,9.0,7.0,28.2,0.0
200,2022,Mitsubishi,Outlander PHEV AWD,Sport utility vehicle: Small,70,2.4,4,A1,E/G*,3.2,39,4.0,X,9.2,9.0,9.1,470,103,9.0,7.0,28.2,0.0
241,2023,MINI,Cooper SE Countryman ALL4,Mid-size,65,1.5,3,AS6,E/PG*,3.2,29,3.0,Z,8.1,7.9,8.0,451,109,8.0,3.0,28.4,0.0
199,2022,MINI,Cooper SE Countryman ALL4,Mid-size,65,1.5,3,AS6,E/PG*,3.2,29,3.0,Z,8.1,7.9,8.0,451,109,9.0,3.0,28.4,0.0
163,2021,MINI,Cooper SE Countryman ALL4,Mid-size,65,1.5,3,AS6,E/PG*,3.2,29,3.0,Z,8.1,7.9,8.0,451,109,9.0,3.0,28.4,0.0
127,2020,MINI,Cooper SE Countryman ALL4,Mid-size,65,1.5,3,AS6,E/PG*,3.2,29,3.0,Z,8.1,7.9,8.0,451,109,10.0,3.0,28.6,0.0
209,2022,Volvo,S60 T8 AWD Recharge,Compact,65,2.0,4,AS8,E/PG*,3.2,35,3.0,Z,8.4,7.0,7.8,781,94,10.0,7.0,29.0,0.0
133,2020,Volvo,S60 T8 AWD,Compact,65,2.0,4,AS8,E/PG*,3.2,35,3.0,Z,8.4,7.0,7.8,781,94,10.0,7.0,29.0,0.0
135,2020,Volvo,V60 T8 AWD,Station wagon: Small,65,2.0,4,AS8,E/PG*,3.2,35,3.0,Z,8.4,7.0,7.8,781,94,10.0,7.0,29.0,0.0
213,2022,Volvo,V60 T8 AWD Recharge,Station wagon: Small,65,2.0,4,AS8,E/PG*,3.2,35,3.0,Z,8.4,7.0,7.8,781,94,10.0,7.0,29.0,0.0
175,2021,Volvo,V60 T8 AWD,Station wagon: Small,65,2.0,4,AS8,E/PG*,3.2,35,3.0,Z,8.4,7.0,7.8,781,94,10.0,7.0,29.0,0.0
173,2021,Volvo,S60 T8 AWD,Compact,65,2.0,4,AS8,E/PG*,3.2,35,3.0,Z,8.4,7.0,7.8,781,94,10.0,7.0,29.0,0.0
81,2019,BMW,530e,Compact,83,2.0,4,AS8,E/PG*,3.3,26,2.0,Z,8.6,7.7,8.2,560,120,10.0,7.0,28.5,0.0
58,2018,BMW,530e,Compact,83,2.0,4,AS8,E/PG*,3.3,26,2.0,Z,8.6,7.7,8.2,560,120,10.0,7.0,28.5,0.0
23,2016,BMW,330e,Compact,65,2.0,4,AS8,E/PG*,3.3,23,2.0,Z,8.4,6.3,7.4,562,113,10.0,10.0,29.1,0.0
57,2018,BMW,330e,Compact,65,2.0,4,AS8,E/PG*,3.3,23,2.0,Z,8.5,6.9,7.8,533,118,10.0,3.0,29.5,0.0
38,2017,BMW,330e,Compact,65,2.0,4,AS8,E/PG*,3.3,23,2.0,Z,8.5,6.9,7.8,533,118,10.0,6.0,29.5,0.0
109,2020,BMW,530e,Compact,83,2.0,4,AS8,E/PG*,3.4,34,3.0,Z,9.5,7.7,8.7,533,106,10.0,7.0,29.1,0.0
223,2023,BMW,330e xDrive Sedan,Compact,80,2.0,4,AS8,E/PG*,3.4,34,3.0,Z,10.6,7.4,9.2,452,107,9.0,7.0,29.5,0.0
257,2024,BMW,330e xDrive Sedan,Compact,80,2.0,4,AS8,E/PG*,3.4,34,3.0,Z,10.6,7.4,9.2,452,107,8.0,7.0,29.5,0.0
178,2022,Audi,A7 Sportback 55 TFSI e quattro,Mid-size,105,2.0,4,AM7,E/PG*,3.4,42,3.0,Z,9.5,7.5,8.6,623,78,10.0,7.0,29.9,0.0
156,2021,Karma,"GS-6 (21"" Wheels)",Subcompact,400,1.5,3,A1,E,3.4,98,6.25,Z,8.8,9.5,9.1,428,44,10.0,7.0,29.9,
158,2021,Karma,"Revero GT (21"" Wheels)",Subcompact,400,1.5,3,A1,E,3.4,98,6.25,Z,8.8,9.5,9.1,428,44,10.0,7.0,29.9,
290,2024,Volvo,S90 T8 AWD Recharge,Mid-size,107,2.0,4,AS8,E/PG*,3.4,61,5.0,Z,8.5,7.6,8.1,748,65,9.0,7.0,30.0,0.0
248,2023,Volvo,S90 T8 AWD Recharge,Mid-size,107,2.0,4,AS8,E/PG*,3.4,61,5.0,Z,8.5,7.6,8.1,748,65,10.0,7.0,30.0,0.0
212,2022,Volvo,S90 T8 AWD Recharge Extended Range,Mid-size,107,2.0,4,AS8,E/PG*,3.4,61,5.0,Z,8.5,7.6,8.1,748,65,10.0,7.0,30.0,0.0
87,2019,BMW,i8 Roadster,Two-seater,105,1.5,3,AS6,E/PG*,3.4,29,3.0,Z,9.2,8.0,8.7,488,118,10.0,3.0,30.6,0.0
114,2020,BMW,i8 Coupe,Subcompact,105,1.5,3,AS6,E/PG*,3.4,29,3.0,Z,9.2,8.0,8.7,488,118,10.0,3.0,30.6,0.0
115,2020,BMW,i8 Roadster,Two-seater,105,1.5,3,AS6,E/PG*,3.4,29,3.0,Z,9.2,8.0,8.7,488,118,10.0,3.0,30.6,0.0
86,2019,BMW,i8 Coupe,Subcompact,105,1.5,3,AS6,E/PG*,3.4,29,3.0,Z,9.2,8.0,8.7,488,118,10.0,3.0,30.6,0.0
218,2022,Volvo,XC90 T8 AWD Recharge Extended Range,Sport utility vehicle: Standard,107,2.0,4,AS8,E/PG*,3.4,58,5.0,Z,9.2,8.6,8.9,798,78,10.0,7.0,30.6,0.0
17,2015,Porsche,918 Spyder,Two-seater,157,4.6,8,A7,E,3.4,21,3.0,Z,11.5,10.0,10.9,649,172,,10.0,30.7,
125,2020,Mercedes-Benz,GLC 350e 4MATIC,Sport utility vehicle: Small,90,2.0,4,A9,E/PG*,3.4,35,1.3,Z,10.2,8.4,9.4,538,109,10.0,5.0,30.8,0.0
138,2021,Audi,A7 Sportback 55 TFSI e quattro,Mid-size,105,2.0,4,AM7,E/PG,3.5,39,2.4,Z,8.9,7.0,8.1,668,87,10.0,7.0,28.7,0.2
82,2019,BMW,530e xDrive,Compact,83,2.0,4,AS8,E/PG*,3.5,24,2.0,Z,8.8,7.7,8.3,554,124,10.0,7.0,30.2,0.0
59,2018,BMW,530e xDrive,Compact,83,2.0,4,AS8,E/PG*,3.5,24,2.0,Z,8.8,7.7,8.3,554,124,10.0,7.0,30.2,0.0
250,2023,Volvo,XC60 T8 AWD Recharge,Sport utility vehicle: Small,107,2.0,4,AS8,E/PG*,3.5,58,5.0,Z,8.5,8.5,8.5,838,72,10.0,7.0,31.2,0.0
216,2022,Volvo,XC60 T8 AWD Recharge Extended Range,Sport utility vehicle: Small,107,2.0,4,AS8,E/PG*,3.5,58,5.0,Z,8.5,8.5,8.5,838,72,10.0,7.0,31.2,0.0
292,2024,Volvo,XC60 T8 AWD Recharge,Sport utility vehicle: Small,107,2.0,4,AS8,E/PG*,3.5,58,5.0,Z,8.5,8.5,8.5,838,72,9.0,7.0,31.2,0.0
182,2022,BMW,330e xDrive,Compact,83,2.0,4,AS8,E/PG*,3.5,32,3.0,Z,10.7,7.9,9.4,436,119,9.0,7.0,31.3,0.0
143,2021,BMW,330e xDrive,Compact,83,2.0,4,AS8,E/PG*,3.5,32,3.0,Z,10.7,7.9,9.4,436,119,9.0,3.0,31.5,0.0
211,2022,Volvo,S90 T8 AWD Recharge,Mid-size,65,2.0,4,AS8,E/PG*,3.5,34,3.0,Z,8.3,7.5,7.9,761,100,9.0,7.0,31.8,0.0
258,2024,BMW,750e xDrive Sedan,Full-size,145,3.0,6,AS8,E/PG,3.6,55,5.0,Z,9.9,8.8,9.4,695,82,9.0,7.0,31.1,0.1
74,2018,MINI,Cooper SE Countryman ALL4,Mid-size,65,1.5,3,AS6,E/PG*,3.6,19,3.0,Z,8.4,8.8,8.6,420,139,9.0,3.0,31.4,0.0
98,2019,MINI,Cooper SE Countryman ALL4,Mid-size,65,1.5,3,AS6,E/PG*,3.6,19,3.0,Z,8.4,8.8,8.6,420,139,9.0,3.0,31.4,0.0
285,2024,Mitsubishi,Outlander PHEV AWD,Sport utility vehicle: Standard,100,2.4,4,A1,E/G*,3.6,61,6.5,X,9.2,8.7,9.0,626,70,9.0,7.0,32.1,0.0
83,2019,BMW,740e xDrive,Full-size,83,2.0,4,AS8,E/PG*,3.6,23,3.0,Z,9.5,8.0,8.8,525,133,9.0,3.0,32.1,0.0
60,2018,BMW,740e xDrive,Full-size,83,2.0,4,AS8,E/PG*,3.6,23,3.0,Z,9.5,8.0,8.8,525,133,9.0,3.0,32.1,0.0
39,2017,BMW,740e xDrive,Full-size,83,2.0,4,AS8,E/PG*,3.6,23,3.0,Z,9.5,8.0,8.8,525,133,9.0,6.0,32.1,0.0
242,2023,Mitsubishi,Outlander PHEV AWD,Sport utility vehicle: Standard,100,2.4,4,A1,E/G*,3.6,61,6.5,X,9.2,8.7,9.0,626,70,10.0,7.0,32.1,0.0
110,2020,BMW,530e xDrive,Compact,83,2.0,4,AS8,E/PG*,3.6,31,3.0,Z,10.3,8.1,9.3,500,120,10.0,7.0,32.2,0.0
107,2020,Audi,Q5 TFSIe,Sport utility vehicle: Small,105,2.0,4,AM7,E/PG*,3.6,32,2.4,Z,9.5,8.1,8.9,615,103,10.0,7.0,32.2,0.0
144,2021,BMW,530e,Mid-size,83,2.0,4,AS8,E/PG,3.7,34,3.0,Z,9.6,8.0,8.9,520,111,9.0,7.0,30.3,0.2
174,2021,Volvo,S90 T8 AWD,Mid-size,65,2.0,4,AS8,E/PG,3.7,34,3.0,Z,8.3,7.5,7.9,761,99,10.0,7.0,31.4,0.2
134,2020,Volvo,S90 T8 AWD,Mid-size,65,2.0,4,AS8,E/PG,3.7,34,3.0,Z,8.3,7.5,7.9,761,99,10.0,7.0,31.4,0.2
126,2020,Mercedes-Benz,S 560e,Full-size,90,3.0,6,A9,E/PG*,3.7,31,1.3,Z,11.4,9.0,10.3,785,127,9.0,3.0,32.7,0.0
183,2022,BMW,530e xDrive,Mid-size,83,2.0,4,AS8,E/PG*,3.8,31,3.0,Z,10.5,8.4,9.5,486,126,8.0,7.0,32.9,0.0
145,2021,BMW,530e xDrive,Mid-size,83,2.0,4,AS8,E/PG*,3.8,31,3.0,Z,10.5,8.4,9.5,486,126,9.0,7.0,32.9,0.0
224,2023,BMW,530e xDrive Sedan,Mid-size,80,2.0,4,AS8,E/PG*,3.8,31,3.0,Z,10.5,8.4,9.5,486,126,8.0,7.0,32.9,0.0
43,2017,Cadillac,CT6 Plug-in Hybrid,Mid-size,178,2.0,4,AV,E/PG*,3.8,50,4.5,Z,10.1,8.1,9.2,658,89,10.0,6.0,33.7,0.0
64,2018,Cadillac,CT6 Plug-in Hybrid,Mid-size,178,2.0,4,AV,E/PG*,3.8,50,4.5,Z,10.2,8.1,9.2,642,89,10.0,3.0,33.7,0.0
159,2021,Karma,"Revero GT (22"" Wheels)",Subcompact,400,1.5,3,A1,E,3.8,87,6.25,Z,10.7,11.0,10.8,360,60,10.0,7.0,33.7,
157,2021,Karma,"GS-6 (22"" Wheels)",Subcompact,400,1.5,3,A1,E,3.8,87,6.25,Z,10.7,11.0,10.8,360,60,10.0,7.0,33.7,
105,2019,Volvo,XC60 T8 AWD,Sport utility vehicle: Small,65,2.0,4,AS8,E/PG*,3.8,27,3.0,Z,9.5,8.5,9.0,779,128,9.0,7.0,34.0,0.0
293,2024,Volvo,XC90 T8 AWD Recharge,Sport utility vehicle: Standard,107,2.0,4,AS8,E/PG*,3.8,53,5.0,Z,9.1,8.6,8.9,803,82,9.0,7.0,34.4,0.0
251,2023,Volvo,XC90 T8 AWD Recharge,Sport utility vehicle: Standard,107,2.0,4,AS8,E/PG*,3.8,53,5.0,Z,9.1,8.6,8.9,803,82,9.0,7.0,34.4,0.0
106,2019,Volvo,XC90 T8 AWD,Sport utility vehicle: Standard,65,2.0,4,AS8,E/PG*,3.9,27,3.0,Z,9.8,8.7,9.3,756,132,9.0,7.0,34.3,0.0
80,2018,Volvo,XC90 T8 AWD,Sport utility vehicle: Standard,65,2.0,4,AS8,E/PG*,3.9,27,3.0,Z,9.6,8.6,9.2,547,130,9.0,7.0,34.4,0.0
225,2023,BMW,X3 xDrive30e,Sport utility vehicle: Small,80,2.0,4,AS8,E/PG*,3.9,29,3.0,Z,11.4,8.6,10.1,502,129,8.0,7.0,34.7,0.0
179,2022,Audi,Q5 55 TFSI e quattro,Sport utility vehicle: Small,105,2.0,4,AM7,E/PG*,3.9,37,3.0,Z,9.4,8.8,9.1,594,92,10.0,7.0,34.7,0.0
259,2024,BMW,X3 xDrive30e,Sport utility vehicle: Small,80,2.0,4,AS8,E/PG*,3.9,29,3.0,Z,11.4,8.6,10.1,502,129,8.0,7.0,34.7,0.0
70,2018,Karma,Revero,Subcompact,300,2.0,4,A1,E,3.9,60,3.75,Z,11.8,11.2,11.5,328,94,10.0,1.0,34.7,
94,2019,Karma,Revero,Subcompact,300,2.0,4,A1,E,3.9,60,3.75,Z,11.8,11.2,11.5,328,94,10.0,1.0,34.7,
219,2023,Audi,Q5 55 TFSI e quattro,Sport utility vehicle: Small,105,2.0,4,AM7,E/PG*,3.9,37,3.0,Z,9.3,8.7,9.0,600,92,9.0,7.0,34.8,0.0
185,2022,BMW,X3 xDrive30e,Sport utility vehicle: Small,80,2.0,4,AS8,E/PG*,3.9,29,3.0,Z,11.0,8.6,9.9,512,127,8.0,7.0,34.9,0.0
149,2021,BMW,X3 xDrive30e,Sport utility vehicle: Small,80,2.0,4,AS8,E/PG*,3.9,29,3.0,Z,11.0,8.6,9.9,512,127,9.0,7.0,34.9,0.0
116,2020,BMW,X3 xDrive30e,Sport utility vehicle: Small,80,2.0,4,AS8,E/PG*,3.9,29,3.0,Z,11.0,8.6,9.9,512,127,9.0,7.0,35.0,0.0
284,2024,Mercedes-Benz,S 580e 4MATIC Sedan,Full-size,110,3.0,6,A9,E/PG*,3.9,74,2.25,Z,11.5,8.2,10.0,687,69,9.0,7.0,35.0,0.0
215,2022,Volvo,XC60 T8 AWD Recharge,Sport utility vehicle: Small,65,2.0,4,AS8,E/PG*,3.9,31,3.0,Z,9.7,8.7,9.3,769,126,8.0,7.0,35.1,0.0
165,2021,Polestar,1,Minicompact,170,2.0,4,AS8,E/PG*,3.9,84,9.0,Z,10.5,7.6,9.2,671,54,10.0,5.0,35.4,0.0
79,2018,Volvo,XC60 T8 AWD,Sport utility vehicle: Small,65,2.0,4,AS8,E/PG*,4.0,27,3.0,Z,10.1,8.5,9.4,534,133,9.0,7.0,34.9,0.0
260,2024,BMW,X5 xDrive50e,Sport utility vehicle: Standard,145,3.0,6,AS8,E/PG*,4.0,63,3.0,Z,10.9,10.2,10.6,650,81,9.0,7.0,35.9,0.0
137,2020,Volvo,XC90 T8 AWD,Sport utility vehicle: Standard,65,2.0,4,AS8,E/PG*,4.0,29,3.0,Z,9.1,8.4,8.8,813,120,10.0,7.0,36.1,0.0
176,2021,Volvo,XC60 T8 AWD,Sport utility vehicle: Small,65,2.0,4,AS8,E/PG*,4.0,31,3.0,Z,9.8,8.7,9.3,769,125,9.0,7.0,36.1,0.0
217,2022,Volvo,XC90 T8 AWD Recharge,Sport utility vehicle: Standard,65,2.0,4,AS8,E/PG*,4.0,29,3.0,Z,9.1,8.4,8.8,813,120,9.0,7.0,36.1,0.0
177,2021,Volvo,XC90 T8 AWD,Sport utility vehicle: Standard,65,2.0,4,AS8,E/PG*,4.0,29,3.0,Z,9.1,8.4,8.8,813,120,9.0,7.0,36.1,0.0
253,2024,Audi,Q5 55 TFSI e quattro,Sport utility vehicle: Small,105,2.0,4,AM7,E/PG*,4.1,39,3.0,Z,9.4,8.7,9.1,595,93,9.0,7.0,36.2,0.0
283,2024,Mercedes-Benz,GLE 450e 4MATIC SUV,Sport utility vehicle: Standard,100,2.0,4,A9,E/PG*,4.1,77,2.75,Z,10.5,9.1,9.9,663,63,9.0,7.0,36.4,0.0
52,2017,Mercedes-Benz,S 550e,Full-size,85,3.0,6,AS7,E/PG*,4.1,23,2.75,Z,10.0,7.9,9.1,702,142,9.0,6.0,36.7,0.0
33,2016,Mercedes-Benz,S 550e,Full-size,85,3.0,6,AS7,E/PG*,4.1,23,2.75,Z,10.0,7.8,9.0,695,141,9.0,10.0,36.7,0.0
273,2024,Jeep,Grand Cherokee 4xe,Sport utility vehicle: Standard,100,2.0,4,A8,E/G*,4.2,42,3.4,X,10.3,9.7,10.0,719,110,8.0,7.0,36.0,0.0
232,2023,Jeep,Grand Cherokee 4xe,Sport utility vehicle: Standard,100,2.0,4,A8,E/G*,4.2,42,3.4,X,10.3,9.7,10.0,719,110,8.0,7.0,36.0,0.0
192,2022,Jeep,Grand Cherokee 4xe,Sport utility vehicle: Standard,100,2.0,4,A8,E/G*,4.2,42,3.4,X,10.3,9.7,10.0,719,110,9.0,7.0,36.0,0.0
282,2024,Mazda,CX-90 PHEV 4WD,Sport utility vehicle: Standard,68,2.5,4,AS8,E/PG,4.2,42,2.1,Z,9.9,8.7,9.4,747,105,8.0,7.0,36.0,0.2
72,2018,Mercedes-Benz,GLC 350e 4MATIC,Sport utility vehicle: Small,85,2.0,4,A7,E/PG*,4.2,21,1.9,Z,9.8,8.6,9.3,541,146,9.0,7.0,36.5,0.0
97,2019,Mercedes-Benz,GLC 350e 4MATIC,Sport utility vehicle: Small,85,2.0,4,A7,E/PG*,4.2,21,1.9,Z,9.8,8.6,9.3,541,146,9.0,7.0,36.5,0.0
26,2016,BMW,X5 xDrive40e,Sport utility vehicle: Standard,83,2.0,4,AS8,E/PG*,4.2,23,3.0,Z,10.2,9.5,9.9,842,153,8.0,10.0,36.8,0.0
42,2017,BMW,X5 xDrive40e,Sport utility vehicle: Standard,83,2.0,4,AS8,E/PG*,4.2,23,3.0,Z,10.2,9.5,9.9,840,154,8.0,6.0,36.8,0.0
63,2018,BMW,X5 xDrive40e,Sport utility vehicle: Standard,83,2.0,4,AS8,E/PG*,4.2,23,3.0,Z,10.2,9.5,9.9,842,154,8.0,3.0,36.9,0.0
197,2022,Lincoln,Aviator Grand Touring,Sport utility vehicle: Standard,62,3.0,6,AS10,E/G*,4.2,34,3.5,X,10.9,9.6,10.3,713,130,8.0,7.0,37.3,0.0
161,2021,Lincoln,Aviator Grand Touring,Sport utility vehicle: Standard,62,3.0,6,AS10,E/G*,4.2,34,3.5,X,10.9,9.6,10.3,713,130,9.0,7.0,37.3,0.0
238,2023,Lincoln,Aviator Grand Touring,Sport utility vehicle: Standard,62,3.0,6,AS10,E/G*,4.2,34,3.5,X,10.9,9.6,10.3,713,130,8.0,7.0,37.3,0.0
146,2021,BMW,745Le xDrive,Full-size,83,3.0,6,AS8,E/PG*,4.2,27,3.0,Z,12.2,9.1,10.8,435,152,8.0,3.0,37.4,0.0
184,2022,BMW,745Le xDrive,Full-size,83,3.0,6,AS8,E/PG*,4.2,27,3.0,Z,12.2,9.1,10.8,435,152,7.0,3.0,37.4,0.0
124,2020,Lincoln,Aviator Grand Touring,Sport utility vehicle: Standard,62,3.0,6,AS10,E/G*,4.2,34,3.5,X,10.9,9.6,10.3,713,130,9.0,7.0,37.5,0.0
111,2020,BMW,745Le xDrive,Full-size,83,3.0,6,AS8,E/PG*,4.2,26,3.0,Z,12.2,9.1,10.8,435,152,8.0,3.0,37.7,0.0
136,2020,Volvo,XC60 T8 AWD,Sport utility vehicle: Small,65,2.0,4,AS8,E/PG*,4.2,27,3.0,Z,9.5,8.7,9.1,781,128,9.0,7.0,38.2,0.0
139,2021,Audi,A8 L Sedan 60 TFSI e quattro,Full-size,100,3.0,6,AS8,E/PG*,4.4,29,2.4,Z,11.3,9.1,10.3,639,132,8.0,3.0,39.2,0.0
226,2023,BMW,X5 xDrive45e,Sport utility vehicle: Standard,83,3.0,6,AS8,E/PG*,4.5,50,5.0,Z,12.2,10.6,11.5,602,110,8.0,7.0,39.2,0.0
186,2022,BMW,X5 xDrive45e,Sport utility vehicle: Standard,83,3.0,6,AS8,E/PG*,4.5,50,5.0,Z,12.2,10.6,11.5,602,110,9.0,7.0,39.2,0.0
203,2022,Porsche,Panamera 4 E-Hybrid,Full-size,70,2.9,6,AM8,E/PG*,4.5,31,3.0,Z,11.4,10.0,10.8,745,144,8.0,5.0,39.6,0.0
168,2021,Porsche,Panamera 4 E-Hybrid,Full-size,70,2.9,6,AM8,E/PG*,4.5,31,3.0,Z,11.4,10.0,10.8,745,144,8.0,5.0,39.6,0.0
240,2023,Mercedes-Benz,S 580e 4MATIC Sedan,Full-size,110,3.0,6,A9,E/PG,4.6,90,2.25,Z,11.5,8.2,10.0,671,67,10.0,7.0,30.4,1.2
19,2015,Porsche,Panamera S E-Hybrid,Full-size,71,3.0,6,A8,E/PG,4.6,26,3.0,Z,10.4,8.0,9.3,871,142,,10.0,31.7,1.0
35,2016,Porsche,Panamera S E-Hybrid,Full-size,71,3.0,6,A8,E/PG,4.6,26,3.0,Z,10.4,8.0,9.3,871,142,9.0,10.0,31.7,1.0
10,2014,Porsche,Panamera S E-Hybrid,Full-size,71,3.0,6,A8,E/PG,4.6,26,3.0,Z,10.4,8.0,9.3,871,142,,10.0,31.7,1.0
129,2020,Porsche,Panamera 4 E-Hybrid,Full-size,70,2.9,6,AM8,E,4.6,23,3.0,Z,11.1,9.7,10.5,768,158,8.0,5.0,40.3,
101,2019,Porsche,Panamera 4 E-Hybrid,Full-size,70,2.9,6,AM8,E,4.6,23,3.0,Z,11.1,9.7,10.5,768,158,8.0,5.0,40.3,
36,2016,Volvo,XC90 T8 AWD,Sport utility vehicle: Standard,65,2.0,4,AS8,E/PG*,4.6,21,3.0,Z,10.1,8.8,9.5,529,150,8.0,10.0,40.4,0.0
49,2017,Karma,Revero,Subcompact,300,2.0,4,A1,E,4.6,51,3.75,Z,13.0,12.0,12.5,303,114,10.0,5.0,41.0,
268,2024,Ferrari,SF90 Stradale,Two-seater,137,3.9,8,AM8,E/PG*,4.6,14,2.5,Z,14.6,11.9,13.4,513,251,5.0,3.0,41.3,0.0
140,2021,Audi,Q5 55 TFSI e quattro,Sport utility vehicle: Small,105,2.0,4,AM7,E/PG,4.7,31,2.4,Z,9.3,8.2,8.8,608,103,10.0,7.0,27.5,1.5
150,2021,BMW,X5 xDrive45e,Sport utility vehicle: Standard,83,3.0,6,AS8,E/PG,4.7,50,5.0,Z,12.2,10.6,11.5,600,111,9.0,7.0,38.8,0.3
204,2022,Porsche,Panamera 4S E-Hybrid,Full-size,70,2.9,6,AM8,E/PG*,4.7,31,3.0,Z,11.4,10.1,10.8,742,147,8.0,5.0,40.9,0.0
233,2023,Jeep,Wrangler 4xe,Sport utility vehicle: Small,100,2.0,4,A8,E/G*,4.8,35,2.4,X,11.6,11.9,11.7,557,143,7.0,5.0,42.2,0.0
155,2021,Jeep,Wrangler 4xe,Sport utility vehicle: Small,100,2.0,4,A8,E/G*,4.8,35,2.4,X,11.6,11.9,11.7,557,143,8.0,5.0,42.2,0.0
193,2022,Jeep,Wrangler 4xe,Sport utility vehicle: Small,100,2.0,4,A8,E/G*,4.8,35,2.4,X,11.6,11.9,11.7,557,143,8.0,5.0,42.2,0.0
274,2024,Jeep,Wrangler 4xe,Sport utility vehicle: Small,100,2.0,4,A8,E/G*,4.8,35,2.4,X,11.6,11.9,11.7,557,143,7.0,7.0,42.2,0.0
55,2017,Volvo,XC90 T8 AWD,Sport utility vehicle: Standard,65,2.0,4,AS8,E/PG*,4.8,21,3.0,Z,10.0,8.8,9.5,529,148,8.0,8.0,47.3,0.0
102,2019,Porsche,Panamera Turbo S E-Hybrid,Full-size,70,4.0,8,AM8,E,4.9,23,3.0,Z,12.3,10.6,11.5,695,180,7.0,3.0,41.0,
130,2020,Porsche,Panamera Turbo S E-Hybrid,Full-size,70,4.0,8,AM8,E,4.9,23,3.0,Z,12.3,10.6,11.5,695,180,7.0,3.0,41.0,
169,2021,Porsche,Panamera Turbo S E-Hybrid,Full-size,70,4.0,8,AM8,E/PG*,4.9,27,3.0,Z,13.2,10.8,12.1,665,171,7.0,3.0,43.8,0.0
205,2022,Porsche,Panamera Turbo S E-Hybrid,Full-size,70,4.0,8,AM8,E/PG*,4.9,27,3.0,Z,13.2,10.8,12.1,665,171,7.0,3.0,43.8,0.0
266,2024,Ferrari,296 GTS,Two-seater,137,2.9,6,AM8,E/PG*,4.9,13,2.5,Z,15.2,10.7,13.2,504,251,5.0,6.0,44.2,0.0
18,2015,Porsche,Cayenne S E-Hybrid,Sport utility vehicle: Standard,71,3.0,6,A8,E,5.0,24,3.0,Z,11.3,9.8,10.6,758,162,,10.0,43.2,
34,2016,Porsche,Cayenne S E-Hybrid,Sport utility vehicle: Standard,71,3.0,6,A8,E,5.0,24,3.0,Z,11.3,9.8,10.6,758,162,8.0,10.0,43.2,
220,2023,Bentley,Bentayga Hybrid,Sport utility vehicle: Standard,100,3.0,6,AS8,E/PG*,5.0,31,3.0,Z,13.3,9.8,11.7,652,138,7.0,3.0,44.2,0.0
265,2024,Ferrari,296 GTB,Two-seater,137,2.9,6,AM8,E/PG*,5.0,13,2.5,Z,15.2,10.7,13.2,526,247,5.0,6.0,45.0,0.0
53,2017,Porsche,Cayenne S E-Hybrid,Sport utility vehicle: Standard,71,3.0,6,A8,E,5.1,23,3.0,Z,11.3,9.8,10.6,768,160,8.0,6.0,44.2,
76,2018,Porsche,Cayenne S E-Hybrid,Sport utility vehicle: Standard,71,3.0,6,AM8,E,5.1,23,3.0,Z,11.3,9.8,10.6,768,160,8.0,3.0,44.2,
100,2019,Porsche,Cayenne E-Hybrid,Sport utility vehicle: Standard,99,3.0,6,AS8,E,5.1,21,3.0,Z,11.8,10.5,11.2,669,177,7.0,3.0,44.8,
166,2021,Porsche,Cayenne E-Hybrid,Sport utility vehicle: Standard,99,3.0,6,AS8,E/PG*,5.1,27,3.0,Z,11.8,10.6,11.3,666,160,7.0,5.0,44.9,0.0
201,2022,Porsche,Cayenne E-Hybrid,Sport utility vehicle: Standard,99,3.0,6,AS8,E/PG*,5.1,27,3.0,Z,11.8,10.6,11.3,666,160,7.0,5.0,44.9,0.0
141,2021,Bentley,Bentayga Hybrid,Sport utility vehicle: Standard,100,3.0,6,AS8,E/PG*,5.1,29,3.0,Z,13.9,11.2,12.7,599,159,7.0,3.0,45.5,0.0
262,2024,BMW,XM Label Red,Sport utility vehicle: Standard,145,4.4,8,AS8,E/PG*,5.1,50,7.0,Z,20.0,13.5,17.1,436,159,7.0,7.0,45.5,0.0
261,2024,BMW,XM,Sport utility vehicle: Standard,145,4.4,8,AS8,E/PG*,5.1,50,7.0,Z,19.9,13.9,17.2,431,152,7.0,7.0,45.5,0.0
227,2023,BMW,XM,Sport utility vehicle: Standard,145,4.4,8,AS8,E/PG*,5.1,50,7.0,Z,19.9,13.9,17.2,431,152,7.0,7.0,45.5,0.0
255,2024,Bentley,Flying Spur Hybrid,Mid-size,103,2.9,6,AM8,E/PG*,5.1,34,3.0,Z,13.7,10.7,12.3,653,156,7.0,5.0,45.9,0.0
221,2023,Bentley,Flying Spur Hybrid,Mid-size,103,2.9,6,AM8,E/PG*,5.1,34,3.0,Z,13.7,10.7,12.3,653,156,7.0,5.0,45.9,0.0
180,2022,Bentley,Flying Spur Hybrid,Mid-size,103,2.9,6,AM8,E/PG*,5.1,34,3.0,Z,13.7,10.7,12.3,653,156,7.0,5.0,45.9,0.0
108,2020,Bentley,Bentayga Hybrid,Sport utility vehicle: Standard,100,3.0,6,AS8,E/PG,5.2,29,3.0,Z,13.6,11.3,12.6,602,153,8.0,3.0,44.2,0.3
270,2024,Ferrari,SF90 XX Stradale,Two-seater,147,3.9,8,AM8,E/PG*,5.3,13,2.5,Z,15.2,12.2,13.9,497,258,4.0,5.0,47.1,0.0
269,2024,Ferrari,SF90 XX Spider,Two-seater,147,3.9,8,AM8,E/PG*,5.3,13,2.5,Z,15.2,12.2,13.9,497,258,4.0,5.0,47.1,0.0
267,2024,Ferrari,SF90 Spider,Two-seater,137,3.9,8,AM8,E/PG*,5.4,13,2.5,Z,14.6,12.6,13.7,500,257,4.0,3.0,47.6,0.0
73,2018,Mercedes-Benz,GLE 550e 4MATIC,Sport utility vehicle: Standard,85,3.0,6,AS7,E/PG,5.5,19,1.9,Z,11.8,10.3,11.1,719,184,7.0,6.0,42.6,0.8
51,2017,Mercedes-Benz,GLE 550e 4MATIC,Sport utility vehicle: Standard,85,3.0,6,AS7,E/PG,5.5,19,1.9,Z,11.8,10.3,11.1,719,184,7.0,6.0,42.7,0.8
254,2024,Bentley,Bentayga Hybrid,Sport utility vehicle: Standard,100,3.0,6,AS8,E/PG*,5.6,34,3.0,Z,12.3,10.1,11.3,668,128,8.0,3.0,49.4,0.0
202,2022,Porsche,Cayenne Turbo S E-Hybrid,Sport utility vehicle: Standard,99,4.0,8,AS8,E/PG*,5.6,24,3.0,Z,13.8,12.1,13.0,578,199,6.0,3.0,51.2,0.0
167,2021,Porsche,Cayenne Turbo S E-Hybrid,Sport utility vehicle: Standard,99,4.0,8,AS8,E/PG*,5.6,24,3.0,Z,13.8,12.1,13.0,578,199,6.0,3.0,51.2,0.0
